-- --------------------------------------------------------
-- Host:                         127.0.0.1
-- Server version:               10.4.32-MariaDB - mariadb.org binary distribution
-- Server OS:                    Win64
-- HeidiSQL Version:             12.15.0.7171
-- --------------------------------------------------------

/*!40101 SET @OLD_CHARACTER_SET_CLIENT=@@CHARACTER_SET_CLIENT */;
/*!40101 SET NAMES utf8 */;
/*!50503 SET NAMES utf8mb4 */;
/*!40103 SET @OLD_TIME_ZONE=@@TIME_ZONE */;
/*!40103 SET TIME_ZONE='+00:00' */;
/*!40014 SET @OLD_FOREIGN_KEY_CHECKS=@@FOREIGN_KEY_CHECKS, FOREIGN_KEY_CHECKS=0 */;
/*!40101 SET @OLD_SQL_MODE=@@SQL_MODE, SQL_MODE='NO_AUTO_VALUE_ON_ZERO' */;
/*!40111 SET @OLD_SQL_NOTES=@@SQL_NOTES, SQL_NOTES=0 */;


-- Dumping database structure for pictorts
CREATE DATABASE IF NOT EXISTS `pictorts` /*!40100 DEFAULT CHARACTER SET utf8mb4 COLLATE utf8mb4_general_ci */;
USE `pictorts`;

-- Dumping structure for table pictorts.cache
CREATE TABLE IF NOT EXISTS `cache` (
  `key` varchar(255) NOT NULL,
  `value` mediumtext NOT NULL,
  `expiration` int(11) NOT NULL,
  PRIMARY KEY (`key`),
  KEY `cache_expiration_index` (`expiration`)
) ENGINE=InnoDB DEFAULT CHARSET=utf8mb4 COLLATE=utf8mb4_unicode_ci;

-- Dumping data for table pictorts.cache: ~0 rows (approximately)

-- Dumping structure for table pictorts.cache_locks
CREATE TABLE IF NOT EXISTS `cache_locks` (
  `key` varchar(255) NOT NULL,
  `owner` varchar(255) NOT NULL,
  `expiration` int(11) NOT NULL,
  PRIMARY KEY (`key`),
  KEY `cache_locks_expiration_index` (`expiration`)
) ENGINE=InnoDB DEFAULT CHARSET=utf8mb4 COLLATE=utf8mb4_unicode_ci;

-- Dumping data for table pictorts.cache_locks: ~0 rows (approximately)

-- Dumping structure for table pictorts.document_files
CREATE TABLE IF NOT EXISTS `document_files` (
  `id` bigint(20) unsigned NOT NULL AUTO_INCREMENT,
  `document_id` bigint(20) unsigned NOT NULL,
  `file_path` varchar(255) NOT NULL,
  `file_name` varchar(255) NOT NULL,
  `uploaded_by` bigint(20) unsigned NOT NULL,
  `created_at` timestamp NULL DEFAULT NULL,
  `updated_at` timestamp NULL DEFAULT NULL,
  PRIMARY KEY (`id`),
  KEY `document_files_document_id_foreign` (`document_id`),
  KEY `document_files_uploaded_by_foreign` (`uploaded_by`),
  CONSTRAINT `document_files_document_id_foreign` FOREIGN KEY (`document_id`) REFERENCES `documents` (`id`) ON DELETE CASCADE,
  CONSTRAINT `document_files_uploaded_by_foreign` FOREIGN KEY (`uploaded_by`) REFERENCES `users` (`id`)
) ENGINE=InnoDB AUTO_INCREMENT=7 DEFAULT CHARSET=utf8mb4 COLLATE=utf8mb4_unicode_ci;

-- Dumping data for table pictorts.document_files: ~0 rows (approximately)

-- Dumping structure for table pictorts.document_routes
CREATE TABLE IF NOT EXISTS `document_routes` (
  `id` bigint(20) unsigned NOT NULL AUTO_INCREMENT,
  `document_id` bigint(20) unsigned NOT NULL,
  `from_office` bigint(20) unsigned NOT NULL,
  `to_office` bigint(20) unsigned NOT NULL,
  `released_by` bigint(20) unsigned DEFAULT NULL,
  `received_by` bigint(20) unsigned DEFAULT NULL,
  `datetime_released` timestamp NULL DEFAULT NULL,
  `datetime_received` timestamp NULL DEFAULT NULL,
  `remarks` text DEFAULT NULL,
  `created_at` timestamp NULL DEFAULT NULL,
  `updated_at` timestamp NULL DEFAULT NULL,
  PRIMARY KEY (`id`),
  KEY `document_routes_document_id_foreign` (`document_id`),
  KEY `document_routes_from_office_foreign` (`from_office`),
  KEY `document_routes_to_office_foreign` (`to_office`),
  KEY `document_routes_released_by_foreign` (`released_by`),
  KEY `document_routes_received_by_foreign` (`received_by`),
  CONSTRAINT `document_routes_document_id_foreign` FOREIGN KEY (`document_id`) REFERENCES `documents` (`id`) ON DELETE CASCADE,
  CONSTRAINT `document_routes_from_office_foreign` FOREIGN KEY (`from_office`) REFERENCES `offices` (`id`),
  CONSTRAINT `document_routes_received_by_foreign` FOREIGN KEY (`received_by`) REFERENCES `users` (`id`),
  CONSTRAINT `document_routes_released_by_foreign` FOREIGN KEY (`released_by`) REFERENCES `users` (`id`),
  CONSTRAINT `document_routes_to_office_foreign` FOREIGN KEY (`to_office`) REFERENCES `offices` (`id`)
) ENGINE=InnoDB AUTO_INCREMENT=204 DEFAULT CHARSET=utf8mb4 COLLATE=utf8mb4_unicode_ci;

-- Dumping data for table pictorts.document_routes: ~174 rows (approximately)
INSERT INTO `document_routes` (`id`, `document_id`, `from_office`, `to_office`, `released_by`, `received_by`, `datetime_released`, `datetime_received`, `remarks`, `created_at`, `updated_at`) VALUES
	(13, 11, 1, 1, 1, 1, '2026-03-05 17:29:58', '2026-03-05 17:29:58', 'Document created and initially recorded', '2026-03-05 17:29:58', '2026-03-05 17:29:58'),
	(16, 14, 1, 1, 1, 1, '2026-03-05 18:32:43', '2026-03-05 18:32:43', 'Document created and initially recorded', '2026-03-05 18:32:43', '2026-03-05 18:32:43'),
	(17, 15, 1, 1, 1, 1, '2026-03-05 18:39:41', '2026-03-05 18:39:41', 'Document created and initially recorded', '2026-03-05 18:39:41', '2026-03-05 18:39:41'),
	(18, 16, 1, 1, 1, 1, '2026-03-05 18:59:15', '2026-03-05 18:59:15', 'Document created and initially recorded', '2026-03-05 18:59:15', '2026-03-05 18:59:15'),
	(19, 17, 1, 1, 1, 1, '2026-03-05 19:01:31', '2026-03-05 19:01:31', 'Document created and initially recorded', '2026-03-05 19:01:31', '2026-03-05 19:01:31'),
	(20, 18, 2, 2, 1, 1, '2026-03-05 19:02:58', '2026-03-05 19:02:58', 'Document created and initially recorded', '2026-03-05 19:02:58', '2026-03-05 19:02:58'),
	(21, 19, 2, 2, 1, 1, '2026-03-05 21:13:32', '2026-03-05 21:13:32', 'Document created and initially recorded', '2026-03-05 21:13:32', '2026-03-05 21:13:32'),
	(22, 20, 2, 2, 1, 1, '2026-03-05 21:16:07', '2026-03-05 21:16:07', 'Document created and initially recorded', '2026-03-05 21:16:07', '2026-03-05 21:16:07'),
	(23, 21, 2, 2, 1, 1, '2026-03-05 22:20:29', '2026-03-05 22:20:29', 'Document created and initially recorded', '2026-03-05 22:20:29', '2026-03-05 22:20:29'),
	(24, 22, 2, 2, 1, 1, '2026-03-05 22:22:01', '2026-03-05 22:22:01', 'Document created and initially recorded', '2026-03-05 22:22:01', '2026-03-05 22:22:01'),
	(25, 23, 4, 4, 1, 1, '2026-03-05 22:24:36', '2026-03-05 22:24:36', 'Document created and initially recorded', '2026-03-05 22:24:36', '2026-03-05 22:24:36'),
	(26, 24, 4, 4, 1, 1, '2026-03-05 22:25:53', '2026-03-05 22:25:53', 'Document created and initially recorded', '2026-03-05 22:25:53', '2026-03-05 22:25:53'),
	(27, 25, 4, 4, 1, 1, '2026-03-05 22:28:29', '2026-03-05 22:28:29', 'Document created and initially recorded', '2026-03-05 22:28:29', '2026-03-05 22:28:29'),
	(28, 26, 4, 4, 1, 1, '2026-03-05 22:31:01', '2026-03-05 22:31:01', 'Document created and initially recorded', '2026-03-05 22:31:01', '2026-03-05 22:31:01'),
	(29, 27, 4, 4, 1, 1, '2026-03-05 22:34:40', '2026-03-05 22:34:40', 'Document created and initially recorded', '2026-03-05 22:34:40', '2026-03-05 22:34:40'),
	(30, 28, 4, 4, 1, 1, '2026-03-05 22:43:54', '2026-03-05 22:43:54', 'Document created and initially recorded', '2026-03-05 22:43:54', '2026-03-05 22:43:54'),
	(31, 29, 41, 41, 1, 1, '2026-03-05 22:57:36', '2026-03-05 22:57:36', 'Document created and initially recorded', '2026-03-05 22:57:36', '2026-03-05 22:57:36'),
	(32, 30, 7, 7, 1, 1, '2026-03-05 23:00:46', '2026-03-05 23:00:46', 'Document created and initially recorded', '2026-03-05 23:00:46', '2026-03-05 23:00:46'),
	(33, 31, 1, 1, 1, 1, '2026-03-05 23:04:46', '2026-03-05 23:04:46', 'Document created and initially recorded', '2026-03-05 23:04:46', '2026-03-05 23:04:46'),
	(34, 32, 1, 1, 1, 1, '2026-03-05 23:13:31', '2026-03-05 23:13:31', 'Document created and initially recorded', '2026-03-05 23:13:31', '2026-03-05 23:13:31'),
	(42, 40, 1, 1, 1, 1, '2026-03-11 22:03:00', '2026-03-11 22:03:00', 'Document created and initially recorded', '2026-03-11 22:03:00', '2026-03-11 22:03:00'),
	(44, 42, 1, 1, 1, 1, '2026-03-11 22:16:47', '2026-03-11 22:16:47', 'Document created and initially recorded', '2026-03-11 22:16:47', '2026-03-11 22:16:47'),
	(46, 44, 1, 1, 1, 1, '2026-03-11 22:32:12', '2026-03-11 22:32:12', 'Document created and initially recorded', '2026-03-11 22:32:12', '2026-03-11 22:32:12'),
	(47, 45, 1, 1, 1, 1, '2026-03-11 22:35:27', '2026-03-11 22:35:27', 'Document created and initially recorded', '2026-03-11 22:35:27', '2026-03-11 22:35:27'),
	(48, 46, 1, 1, 1, 1, '2026-03-11 22:37:56', '2026-03-11 22:37:56', 'Document created and initially recorded', '2026-03-11 22:37:56', '2026-03-11 22:37:56'),
	(49, 47, 1, 1, 1, 1, '2026-03-11 22:39:20', '2026-03-11 22:39:20', 'Document created and initially recorded', '2026-03-11 22:39:20', '2026-03-11 22:39:20'),
	(50, 48, 2, 2, 1, 1, '2026-03-11 22:42:21', '2026-03-11 22:42:21', 'Document created and initially recorded', '2026-03-11 22:42:21', '2026-03-11 22:42:21'),
	(51, 49, 2, 2, 1, 1, '2026-03-11 22:45:23', '2026-03-11 22:45:23', 'Document created and initially recorded', '2026-03-11 22:45:23', '2026-03-11 22:45:23'),
	(52, 50, 2, 2, 1, 1, '2026-03-11 22:46:45', '2026-03-11 22:46:45', 'Document created and initially recorded', '2026-03-11 22:46:45', '2026-03-11 22:46:45'),
	(53, 51, 2, 2, 1, 1, '2026-03-11 22:52:01', '2026-03-11 22:52:01', 'Document created and initially recorded', '2026-03-11 22:52:01', '2026-03-11 22:52:01'),
	(54, 52, 2, 2, 1, 1, '2026-03-11 22:56:51', '2026-03-11 22:56:51', 'Document created and initially recorded', '2026-03-11 22:56:51', '2026-03-11 22:56:51'),
	(55, 53, 2, 2, 1, 1, '2026-03-11 23:00:48', '2026-03-11 23:00:48', 'Document created and initially recorded', '2026-03-11 23:00:48', '2026-03-11 23:00:48'),
	(56, 54, 2, 2, 1, 1, '2026-03-11 23:02:19', '2026-03-11 23:02:19', 'Document created and initially recorded', '2026-03-11 23:02:19', '2026-03-11 23:02:19'),
	(57, 55, 2, 2, 1, 1, '2026-03-11 23:04:23', '2026-03-11 23:04:23', 'Document created and initially recorded', '2026-03-11 23:04:23', '2026-03-11 23:04:23'),
	(58, 56, 2, 2, 1, 1, '2026-03-11 23:08:09', '2026-03-11 23:08:09', 'Document created and initially recorded', '2026-03-11 23:08:09', '2026-03-11 23:08:09'),
	(59, 57, 2, 2, 1, 1, '2026-03-11 23:09:42', '2026-03-11 23:09:42', 'Document created and initially recorded', '2026-03-11 23:09:42', '2026-03-11 23:09:42'),
	(60, 58, 2, 2, 1, 1, '2026-03-11 23:11:11', '2026-03-11 23:11:11', 'Document created and initially recorded', '2026-03-11 23:11:11', '2026-03-11 23:11:11'),
	(61, 59, 2, 2, 1, 1, '2026-03-11 23:13:26', '2026-03-11 23:13:26', 'Document created and initially recorded', '2026-03-11 23:13:26', '2026-03-11 23:13:26'),
	(62, 60, 2, 2, 1, 1, '2026-03-11 23:14:53', '2026-03-11 23:14:53', 'Document created and initially recorded', '2026-03-11 23:14:53', '2026-03-11 23:14:53'),
	(63, 61, 2, 2, 1, 1, '2026-03-11 23:31:00', '2026-03-11 23:31:00', 'Document created and initially recorded', '2026-03-11 23:31:00', '2026-03-11 23:31:00'),
	(64, 62, 41, 41, 1, 1, '2026-03-12 00:24:01', '2026-03-12 00:24:01', 'Document created and initially recorded', '2026-03-12 00:24:01', '2026-03-12 00:24:01'),
	(65, 63, 7, 7, 1, 1, '2026-03-12 00:28:57', '2026-03-12 00:28:57', 'Document created and initially recorded', '2026-03-12 00:28:57', '2026-03-12 00:28:57'),
	(66, 64, 9, 9, 1, 1, '2026-03-12 00:31:10', '2026-03-12 00:31:10', 'Document created and initially recorded', '2026-03-12 00:31:10', '2026-03-12 00:31:10'),
	(67, 65, 1, 1, 1, 1, '2026-03-12 00:32:50', '2026-03-12 00:32:50', 'Document created and initially recorded', '2026-03-12 00:32:50', '2026-03-12 00:32:50'),
	(68, 66, 1, 1, 1, 1, '2026-03-12 00:34:32', '2026-03-12 00:34:32', 'Document created and initially recorded', '2026-03-12 00:34:32', '2026-03-12 00:34:32'),
	(69, 67, 1, 1, 1, 1, '2026-03-12 00:36:28', '2026-03-12 00:36:28', 'Document created and initially recorded', '2026-03-12 00:36:28', '2026-03-12 00:36:28'),
	(70, 68, 2, 2, 1, 1, '2026-03-12 00:42:05', '2026-03-12 00:42:05', 'Document created and initially recorded', '2026-03-12 00:42:05', '2026-03-12 00:42:05'),
	(71, 69, 1, 1, 1, 1, '2026-03-12 00:43:25', '2026-03-12 00:43:25', 'Document created and initially recorded', '2026-03-12 00:43:25', '2026-03-12 00:43:25'),
	(72, 70, 1, 1, 1, 1, '2026-03-12 01:01:25', '2026-03-12 01:01:25', 'Document created and initially recorded', '2026-03-12 01:01:25', '2026-03-12 01:01:25'),
	(73, 71, 1, 1, 1, 1, '2026-03-12 01:02:42', '2026-03-12 01:02:42', 'Document created and initially recorded', '2026-03-12 01:02:42', '2026-03-12 01:02:42'),
	(74, 72, 1, 1, 1, 1, '2026-03-12 01:03:46', '2026-03-12 01:03:46', 'Document created and initially recorded', '2026-03-12 01:03:46', '2026-03-12 01:03:46'),
	(75, 73, 1, 1, 1, 1, '2026-03-12 01:06:29', '2026-03-12 01:06:29', 'Document created and initially recorded', '2026-03-12 01:06:29', '2026-03-12 01:06:29'),
	(76, 74, 6, 6, 1, 1, '2026-03-12 01:08:08', '2026-03-12 01:08:08', 'Document created and initially recorded', '2026-03-12 01:08:08', '2026-03-12 01:08:08'),
	(77, 75, 1, 1, 1, 1, '2026-03-12 01:09:28', '2026-03-12 01:09:28', 'Document created and initially recorded', '2026-03-12 01:09:28', '2026-03-12 01:09:28'),
	(78, 76, 1, 1, 1, 1, '2026-03-12 01:10:33', '2026-03-12 01:10:33', 'Document created and initially recorded', '2026-03-12 01:10:33', '2026-03-12 01:10:33'),
	(79, 77, 1, 1, 1, 1, '2026-03-12 01:14:41', '2026-03-12 01:14:41', 'Document created and initially recorded', '2026-03-12 01:14:41', '2026-03-12 01:14:41'),
	(80, 78, 1, 1, 1, 1, '2026-03-12 01:19:02', '2026-03-12 01:19:02', 'Document created and initially recorded', '2026-03-12 01:19:02', '2026-03-12 01:19:02'),
	(81, 79, 42, 42, 1, 1, '2026-03-12 01:21:07', '2026-03-12 01:21:07', 'Document created and initially recorded', '2026-03-12 01:21:07', '2026-03-12 01:21:07'),
	(82, 80, 10, 10, 1, 1, '2026-03-12 01:24:43', '2026-03-12 01:24:43', 'Document created and initially recorded', '2026-03-12 01:24:43', '2026-03-12 01:24:43'),
	(83, 81, 15, 15, 1, 1, '2026-03-12 01:26:31', '2026-03-12 01:26:31', 'Document created and initially recorded', '2026-03-12 01:26:31', '2026-03-12 01:26:31'),
	(84, 82, 6, 6, 1, 1, '2026-03-12 01:28:15', '2026-03-12 01:28:15', 'Document created and initially recorded', '2026-03-12 01:28:15', '2026-03-12 01:28:15'),
	(85, 83, 1, 1, 1, 1, '2026-03-12 01:29:34', '2026-03-12 01:29:34', 'Document created and initially recorded', '2026-03-12 01:29:34', '2026-03-12 01:29:34'),
	(86, 84, 8, 8, 1, 1, '2026-03-12 01:30:39', '2026-03-12 01:30:39', 'Document created and initially recorded', '2026-03-12 01:30:39', '2026-03-12 01:30:39'),
	(87, 85, 1, 1, 1, 1, '2026-03-12 01:31:45', '2026-03-12 01:31:45', 'Document created and initially recorded', '2026-03-12 01:31:45', '2026-03-12 01:31:45'),
	(88, 86, 1, 1, 1, 1, '2026-03-15 17:27:10', '2026-03-15 17:27:10', 'Document created and initially recorded', '2026-03-15 17:27:10', '2026-03-15 17:27:10'),
	(89, 87, 14, 14, 1, 1, '2026-03-15 17:28:58', '2026-03-15 17:28:58', 'Document created and initially recorded', '2026-03-15 17:28:58', '2026-03-15 17:28:58'),
	(90, 88, 6, 6, 1, 1, '2026-03-15 17:30:21', '2026-03-15 17:30:21', 'Document created and initially recorded', '2026-03-15 17:30:21', '2026-03-15 17:30:21'),
	(91, 89, 11, 11, 1, 1, '2026-03-15 17:31:23', '2026-03-15 17:31:23', 'Document created and initially recorded', '2026-03-15 17:31:23', '2026-03-15 17:31:23'),
	(92, 90, 12, 12, 1, 1, '2026-03-15 17:32:51', '2026-03-15 17:32:51', 'Document created and initially recorded', '2026-03-15 17:32:51', '2026-03-15 17:32:51'),
	(93, 91, 13, 13, 1, 1, '2026-03-15 17:34:13', '2026-03-15 17:34:13', 'Document created and initially recorded', '2026-03-15 17:34:13', '2026-03-15 17:34:13'),
	(94, 92, 8, 8, 1, 1, '2026-03-15 17:35:31', '2026-03-15 17:35:31', 'Document created and initially recorded', '2026-03-15 17:35:31', '2026-03-15 17:35:31'),
	(95, 93, 11, 11, 1, 1, '2026-03-15 17:36:57', '2026-03-15 17:36:57', 'Document created and initially recorded', '2026-03-15 17:36:57', '2026-03-15 17:36:57'),
	(96, 94, 14, 14, 1, 1, '2026-03-15 17:38:06', '2026-03-15 17:38:06', 'Document created and initially recorded', '2026-03-15 17:38:06', '2026-03-15 17:38:06'),
	(97, 95, 1, 1, 1, 1, '2026-03-15 17:39:47', '2026-03-15 17:39:47', 'Document created and initially recorded', '2026-03-15 17:39:47', '2026-03-15 17:39:47'),
	(98, 96, 43, 43, 1, 1, '2026-03-15 17:42:36', '2026-03-15 17:42:36', 'Document created and initially recorded', '2026-03-15 17:42:36', '2026-03-15 17:42:36'),
	(99, 97, 1, 1, 1, 1, '2026-03-15 17:44:16', '2026-03-15 17:44:16', 'Document created and initially recorded', '2026-03-15 17:44:16', '2026-03-15 17:44:16'),
	(100, 98, 1, 1, 1, 1, '2026-03-15 17:50:38', '2026-03-15 17:50:38', 'Document created and initially recorded', '2026-03-15 17:50:38', '2026-03-15 17:50:38'),
	(101, 99, 13, 13, 1, 1, '2026-03-15 18:01:23', '2026-03-15 18:01:23', 'Document created and initially recorded', '2026-03-15 18:01:23', '2026-03-15 18:01:23'),
	(102, 100, 13, 13, 1, 1, '2026-03-15 18:02:29', '2026-03-15 18:02:29', 'Document created and initially recorded', '2026-03-15 18:02:29', '2026-03-15 18:02:29'),
	(103, 101, 6, 6, 1, 1, '2026-03-15 18:08:02', '2026-03-15 18:08:02', 'Document created and initially recorded', '2026-03-15 18:08:02', '2026-03-15 18:08:02'),
	(104, 102, 43, 43, 1, 1, '2026-03-15 18:09:25', '2026-03-15 18:09:25', 'Document created and initially recorded', '2026-03-15 18:09:25', '2026-03-15 18:09:25'),
	(105, 103, 8, 8, 1, 1, '2026-03-15 18:38:40', '2026-03-15 18:38:40', 'Document created and initially recorded', '2026-03-15 18:38:40', '2026-03-15 18:38:40'),
	(106, 104, 1, 1, 1, 1, '2026-03-15 18:39:59', '2026-03-15 18:39:59', 'Document created and initially recorded', '2026-03-15 18:39:59', '2026-03-15 18:39:59'),
	(107, 105, 10, 10, 1, 1, '2026-03-15 18:40:51', '2026-03-15 18:40:51', 'Document created and initially recorded', '2026-03-15 18:40:51', '2026-03-15 18:40:51'),
	(108, 106, 15, 15, 1, 1, '2026-03-15 18:42:18', '2026-03-15 18:42:18', 'Document created and initially recorded', '2026-03-15 18:42:18', '2026-03-15 18:42:18'),
	(109, 107, 2, 2, 1, 1, '2026-03-15 18:43:14', '2026-03-15 18:43:14', 'Document created and initially recorded', '2026-03-15 18:43:14', '2026-03-15 18:43:14'),
	(110, 108, 43, 43, 1, 1, '2026-03-15 18:44:20', '2026-03-15 18:44:20', 'Document created and initially recorded', '2026-03-15 18:44:20', '2026-03-15 18:44:20'),
	(111, 109, 6, 6, 1, 1, '2026-03-15 18:45:52', '2026-03-15 18:45:52', 'Document created and initially recorded', '2026-03-15 18:45:52', '2026-03-15 18:45:52'),
	(112, 110, 1, 1, 1, 1, '2026-03-15 18:46:48', '2026-03-15 18:46:48', 'Document created and initially recorded', '2026-03-15 18:46:48', '2026-03-15 18:46:48'),
	(113, 111, 7, 7, 1, 1, '2026-03-15 18:47:41', '2026-03-15 18:47:41', 'Document created and initially recorded', '2026-03-15 18:47:41', '2026-03-15 18:47:41'),
	(114, 112, 3, 3, 1, 1, '2026-03-15 18:49:00', '2026-03-15 18:49:00', 'Document created and initially recorded', '2026-03-15 18:49:00', '2026-03-15 18:49:00'),
	(115, 113, 44, 44, 1, 1, '2026-03-15 18:50:59', '2026-03-15 18:50:59', 'Document created and initially recorded', '2026-03-15 18:50:59', '2026-03-15 18:50:59'),
	(116, 114, 44, 44, 1, 1, '2026-03-15 18:51:44', '2026-03-15 18:51:44', 'Document created and initially recorded', '2026-03-15 18:51:44', '2026-03-15 18:51:44'),
	(117, 115, 15, 15, 1, 1, '2026-03-15 18:52:47', '2026-03-15 18:52:47', 'Document created and initially recorded', '2026-03-15 18:52:47', '2026-03-15 18:52:47'),
	(118, 116, 8, 8, 1, 1, '2026-03-15 18:53:48', '2026-03-15 18:53:48', 'Document created and initially recorded', '2026-03-15 18:53:48', '2026-03-15 18:53:48'),
	(119, 117, 12, 12, 1, 1, '2026-03-15 18:54:55', '2026-03-15 18:54:55', 'Document created and initially recorded', '2026-03-15 18:54:55', '2026-03-15 18:54:55'),
	(120, 118, 1, 1, 1, 1, '2026-03-15 18:56:00', '2026-03-15 18:56:00', 'Document created and initially recorded', '2026-03-15 18:56:00', '2026-03-15 18:56:00'),
	(121, 119, 45, 45, 1, 1, '2026-03-15 18:58:17', '2026-03-15 18:58:17', 'Document created and initially recorded', '2026-03-15 18:58:17', '2026-03-15 18:58:17'),
	(122, 120, 1, 1, 1, 1, '2026-03-15 18:59:06', '2026-03-15 18:59:06', 'Document created and initially recorded', '2026-03-15 18:59:06', '2026-03-15 18:59:06'),
	(123, 121, 1, 1, 1, 1, '2026-03-15 19:00:22', '2026-03-15 19:00:22', 'Document created and initially recorded', '2026-03-15 19:00:22', '2026-03-15 19:00:22'),
	(124, 122, 8, 8, 1, 1, '2026-03-15 19:01:21', '2026-03-15 19:01:21', 'Document created and initially recorded', '2026-03-15 19:01:21', '2026-03-15 19:01:21'),
	(125, 123, 6, 6, 1, 1, '2026-03-15 19:02:46', '2026-03-15 19:02:46', 'Document created and initially recorded', '2026-03-15 19:02:46', '2026-03-15 19:02:46'),
	(126, 124, 11, 11, 1, 1, '2026-03-15 19:03:37', '2026-03-15 19:03:37', 'Document created and initially recorded', '2026-03-15 19:03:37', '2026-03-15 19:03:37'),
	(127, 125, 42, 42, 1, 1, '2026-03-15 19:08:18', '2026-03-15 19:08:18', 'Document created and initially recorded', '2026-03-15 19:08:18', '2026-03-15 19:08:18'),
	(128, 126, 1, 1, 1, 1, '2026-03-15 19:09:11', '2026-03-15 19:09:11', 'Document created and initially recorded', '2026-03-15 19:09:11', '2026-03-15 19:09:11'),
	(129, 127, 15, 15, 1, 1, '2026-03-15 19:10:31', '2026-03-15 19:10:31', 'Document created and initially recorded', '2026-03-15 19:10:31', '2026-03-15 19:10:31'),
	(130, 128, 1, 1, 1, 1, '2026-03-15 19:13:12', '2026-03-15 19:13:12', 'Document created and initially recorded', '2026-03-15 19:13:12', '2026-03-15 19:13:12'),
	(131, 129, 1, 1, 1, 1, '2026-03-15 19:14:37', '2026-03-15 19:14:37', 'Document created and initially recorded', '2026-03-15 19:14:37', '2026-03-15 19:14:37'),
	(132, 130, 13, 13, 1, 1, '2026-03-15 19:17:54', '2026-03-15 19:17:54', 'Document created and initially recorded', '2026-03-15 19:17:54', '2026-03-15 19:17:54'),
	(133, 131, 6, 6, 1, 1, '2026-03-15 19:20:03', '2026-03-15 19:20:03', 'Document created and initially recorded', '2026-03-15 19:20:03', '2026-03-15 19:20:03'),
	(134, 132, 6, 6, 1, 1, '2026-03-15 19:22:04', '2026-03-15 19:22:04', 'Document created and initially recorded', '2026-03-15 19:22:04', '2026-03-15 19:22:04'),
	(135, 133, 16, 16, 1, 1, '2026-03-15 19:23:26', '2026-03-15 19:23:26', 'Document created and initially recorded', '2026-03-15 19:23:26', '2026-03-15 19:23:26'),
	(136, 134, 6, 6, 1, 1, '2026-03-15 19:24:56', '2026-03-15 19:24:56', 'Document created and initially recorded', '2026-03-15 19:24:56', '2026-03-15 19:24:56'),
	(137, 135, 42, 42, 1, 1, '2026-03-15 19:26:58', '2026-03-15 19:26:58', 'Document created and initially recorded', '2026-03-15 19:26:58', '2026-03-15 19:26:58'),
	(138, 136, 15, 15, 1, 1, '2026-03-15 19:28:08', '2026-03-15 19:28:08', 'Document created and initially recorded', '2026-03-15 19:28:08', '2026-03-15 19:28:08'),
	(139, 137, 43, 43, 1, 1, '2026-03-15 19:29:26', '2026-03-15 19:29:26', 'Document created and initially recorded', '2026-03-15 19:29:26', '2026-03-15 19:29:26'),
	(140, 138, 6, 6, 1, 1, '2026-03-15 19:30:28', '2026-03-15 19:30:28', 'Document created and initially recorded', '2026-03-15 19:30:28', '2026-03-15 19:30:28'),
	(141, 139, 12, 12, 1, 1, '2026-03-15 21:15:17', '2026-03-15 21:15:17', 'Document created and initially recorded', '2026-03-15 21:15:17', '2026-03-15 21:15:17'),
	(142, 140, 10, 10, 1, 1, '2026-03-15 21:16:42', '2026-03-15 21:16:42', 'Document created and initially recorded', '2026-03-15 21:16:42', '2026-03-15 21:16:42'),
	(143, 141, 43, 43, 1, 1, '2026-03-15 21:31:21', '2026-03-15 21:31:21', 'Document created and initially recorded', '2026-03-15 21:31:21', '2026-03-15 21:31:21'),
	(144, 142, 6, 6, 1, 1, '2026-03-15 21:33:07', '2026-03-15 21:33:07', 'Document created and initially recorded', '2026-03-15 21:33:07', '2026-03-15 21:33:07'),
	(145, 143, 1, 1, 1, 1, '2026-03-15 21:47:46', '2026-03-15 21:47:46', 'Document created and initially recorded', '2026-03-15 21:47:46', '2026-03-15 21:47:46'),
	(146, 144, 15, 15, 1, 1, '2026-03-15 21:49:15', '2026-03-15 21:49:15', 'Document created and initially recorded', '2026-03-15 21:49:15', '2026-03-15 21:49:15'),
	(147, 145, 43, 43, 1, 1, '2026-03-15 21:50:32', '2026-03-15 21:50:32', 'Document created and initially recorded', '2026-03-15 21:50:32', '2026-03-15 21:50:32'),
	(148, 146, 1, 1, 1, 1, '2026-03-15 22:04:59', '2026-03-15 22:04:59', 'Document created and initially recorded', '2026-03-15 22:04:59', '2026-03-15 22:04:59'),
	(149, 147, 1, 1, 1, 1, '2026-03-15 22:06:06', '2026-03-15 22:06:06', 'Document created and initially recorded', '2026-03-15 22:06:06', '2026-03-15 22:06:06'),
	(150, 148, 1, 1, 1, 1, '2026-03-15 22:07:37', '2026-03-15 22:07:37', 'Document created and initially recorded', '2026-03-15 22:07:37', '2026-03-15 22:07:37'),
	(151, 149, 1, 1, 1, 1, '2026-03-15 22:09:07', '2026-03-15 22:09:07', 'Document created and initially recorded', '2026-03-15 22:09:07', '2026-03-15 22:09:07'),
	(152, 150, 1, 1, 1, 1, '2026-03-15 22:10:04', '2026-03-15 22:10:04', 'Document created and initially recorded', '2026-03-15 22:10:04', '2026-03-15 22:10:04'),
	(153, 151, 1, 1, 1, 1, '2026-03-15 22:11:20', '2026-03-15 22:11:20', 'Document created and initially recorded', '2026-03-15 22:11:20', '2026-03-15 22:11:20'),
	(154, 152, 1, 1, 1, 1, '2026-03-15 22:12:21', '2026-03-15 22:12:21', 'Document created and initially recorded', '2026-03-15 22:12:21', '2026-03-15 22:12:21'),
	(155, 153, 1, 1, 1, 1, '2026-03-15 22:13:25', '2026-03-15 22:13:25', 'Document created and initially recorded', '2026-03-15 22:13:25', '2026-03-15 22:13:25'),
	(156, 154, 1, 1, 1, 1, '2026-03-15 22:14:38', '2026-03-15 22:14:38', 'Document created and initially recorded', '2026-03-15 22:14:38', '2026-03-15 22:14:38'),
	(157, 155, 1, 1, 1, 1, '2026-03-15 22:15:43', '2026-03-15 22:15:43', 'Document created and initially recorded', '2026-03-15 22:15:43', '2026-03-15 22:15:43'),
	(158, 156, 1, 1, 1, 1, '2026-03-15 22:16:40', '2026-03-15 22:16:40', 'Document created and initially recorded', '2026-03-15 22:16:40', '2026-03-15 22:16:40'),
	(159, 157, 13, 13, 1, 1, '2026-03-15 22:17:41', '2026-03-15 22:17:41', 'Document created and initially recorded', '2026-03-15 22:17:41', '2026-03-15 22:17:41'),
	(160, 158, 41, 41, 1, 1, '2026-03-15 22:18:55', '2026-03-15 22:18:55', 'Document created and initially recorded', '2026-03-15 22:18:55', '2026-03-15 22:18:55'),
	(161, 159, 10, 10, 1, 1, '2026-03-15 22:20:09', '2026-03-15 22:20:09', 'Document created and initially recorded', '2026-03-15 22:20:09', '2026-03-15 22:20:09'),
	(162, 160, 11, 11, 1, 1, '2026-03-15 22:21:19', '2026-03-15 22:21:19', 'Document created and initially recorded', '2026-03-15 22:21:19', '2026-03-15 22:21:19'),
	(163, 161, 14, 14, 1, 1, '2026-03-15 22:22:13', '2026-03-15 22:22:13', 'Document created and initially recorded', '2026-03-15 22:22:13', '2026-03-15 22:22:13'),
	(164, 162, 1, 1, 1, 1, '2026-03-15 22:23:26', '2026-03-15 22:23:26', 'Document created and initially recorded', '2026-03-15 22:23:26', '2026-03-15 22:23:26'),
	(165, 163, 12, 12, 1, 1, '2026-03-15 22:25:19', '2026-03-15 22:25:19', 'Document created and initially recorded', '2026-03-15 22:25:19', '2026-03-15 22:25:19'),
	(166, 164, 14, 14, 1, 1, '2026-03-15 23:08:13', '2026-03-15 23:08:13', 'Document created and initially recorded', '2026-03-15 23:08:13', '2026-03-15 23:08:13'),
	(167, 165, 46, 46, 1, 1, '2026-03-15 23:12:17', '2026-03-15 23:12:17', 'Document created and initially recorded', '2026-03-15 23:12:17', '2026-03-15 23:12:17'),
	(168, 166, 13, 13, 1, 1, '2026-03-15 23:14:22', '2026-03-15 23:14:22', 'Document created and initially recorded', '2026-03-15 23:14:22', '2026-03-15 23:14:22'),
	(169, 167, 12, 12, 1, 1, '2026-03-15 23:15:38', '2026-03-15 23:15:38', 'Document created and initially recorded', '2026-03-15 23:15:38', '2026-03-15 23:15:38'),
	(170, 168, 14, 14, 1, 1, '2026-03-15 23:26:37', '2026-03-15 23:26:37', 'Document created and initially recorded', '2026-03-15 23:26:37', '2026-03-15 23:26:37'),
	(171, 169, 14, 14, 1, 1, '2026-03-15 23:27:57', '2026-03-15 23:27:57', 'Document created and initially recorded', '2026-03-15 23:27:57', '2026-03-15 23:27:57'),
	(172, 170, 46, 46, 1, 1, '2026-03-15 23:28:52', '2026-03-15 23:28:52', 'Document created and initially recorded', '2026-03-15 23:28:52', '2026-03-15 23:28:52'),
	(173, 171, 14, 14, 1, 1, '2026-03-15 23:29:36', '2026-03-15 23:29:36', 'Document created and initially recorded', '2026-03-15 23:29:36', '2026-03-15 23:29:36'),
	(174, 172, 17, 17, 1, 1, '2026-03-15 23:31:37', '2026-03-15 23:31:37', 'Document created and initially recorded', '2026-03-15 23:31:37', '2026-03-15 23:31:37'),
	(175, 173, 2, 2, 1, 1, '2026-03-15 23:43:19', '2026-03-15 23:43:19', 'Document created and initially recorded', '2026-03-15 23:43:19', '2026-03-15 23:43:19'),
	(176, 174, 6, 6, 1, 1, '2026-03-15 23:44:16', '2026-03-15 23:44:16', 'Document created and initially recorded', '2026-03-15 23:44:16', '2026-03-15 23:44:16'),
	(177, 175, 1, 1, 1, 1, '2026-03-15 23:45:46', '2026-03-15 23:45:46', 'Document created and initially recorded', '2026-03-15 23:45:46', '2026-03-15 23:45:46'),
	(178, 176, 11, 11, 1, 1, '2026-03-15 23:47:58', '2026-03-15 23:47:58', 'Document created and initially recorded', '2026-03-15 23:47:58', '2026-03-15 23:47:58'),
	(179, 177, 13, 13, 1, 1, '2026-03-15 23:48:57', '2026-03-15 23:48:57', 'Document created and initially recorded', '2026-03-15 23:48:57', '2026-03-15 23:48:57'),
	(180, 178, 14, 14, 1, 1, '2026-03-15 23:49:48', '2026-03-15 23:49:48', 'Document created and initially recorded', '2026-03-15 23:49:48', '2026-03-15 23:49:48'),
	(181, 179, 11, 11, 1, 1, '2026-03-15 23:50:37', '2026-03-15 23:50:37', 'Document created and initially recorded', '2026-03-15 23:50:37', '2026-03-15 23:50:37'),
	(182, 180, 1, 1, 1, 1, '2026-03-15 23:51:38', '2026-03-15 23:51:38', 'Document created and initially recorded', '2026-03-15 23:51:38', '2026-03-15 23:51:38'),
	(183, 181, 11, 11, 1, 1, '2026-03-15 23:52:41', '2026-03-15 23:52:41', 'Document created and initially recorded', '2026-03-15 23:52:41', '2026-03-15 23:52:41'),
	(184, 182, 5, 5, 1, 1, '2026-03-15 23:53:43', '2026-03-15 23:53:43', 'Document created and initially recorded', '2026-03-15 23:53:43', '2026-03-15 23:53:43'),
	(185, 183, 6, 6, 1, 1, '2026-03-15 23:54:35', '2026-03-15 23:54:35', 'Document created and initially recorded', '2026-03-15 23:54:35', '2026-03-15 23:54:35'),
	(186, 184, 6, 6, 1, 1, '2026-03-15 23:54:35', '2026-03-15 23:54:35', 'Document created and initially recorded', '2026-03-15 23:54:35', '2026-03-15 23:54:35'),
	(187, 185, 47, 47, 1, 1, '2026-03-15 23:57:01', '2026-03-15 23:57:01', 'Document created and initially recorded', '2026-03-15 23:57:01', '2026-03-15 23:57:01'),
	(188, 186, 1, 1, 1, 1, '2026-03-15 23:57:52', '2026-03-15 23:57:52', 'Document created and initially recorded', '2026-03-15 23:57:52', '2026-03-15 23:57:52'),
	(189, 187, 1, 1, 1, 1, '2026-03-15 23:58:53', '2026-03-15 23:58:53', 'Document created and initially recorded', '2026-03-15 23:58:53', '2026-03-15 23:58:53'),
	(190, 188, 1, 1, 1, 1, '2026-03-16 16:30:47', '2026-03-16 16:30:47', 'Document created and initially recorded', '2026-03-16 16:30:47', '2026-03-16 16:30:47'),
	(191, 189, 1, 1, 1, 1, '2026-03-16 16:32:21', '2026-03-16 16:32:21', 'Document created and initially recorded', '2026-03-16 16:32:21', '2026-03-16 16:32:21'),
	(192, 190, 1, 1, 1, 1, '2026-03-16 16:33:33', '2026-03-16 16:33:33', 'Document created and initially recorded', '2026-03-16 16:33:33', '2026-03-16 16:33:33'),
	(193, 191, 48, 48, 1, 1, '2026-03-16 16:37:53', '2026-03-16 16:37:53', 'Document created and initially recorded', '2026-03-16 16:37:53', '2026-03-16 16:37:53'),
	(194, 192, 1, 1, 1, 1, '2026-03-16 16:38:59', '2026-03-16 16:38:59', 'Document created and initially recorded', '2026-03-16 16:38:59', '2026-03-16 16:38:59'),
	(195, 193, 1, 1, 1, 1, '2026-03-16 16:40:08', '2026-03-16 16:40:08', 'Document created and initially recorded', '2026-03-16 16:40:08', '2026-03-16 16:40:08'),
	(196, 194, 1, 1, 1, 1, '2026-03-16 16:41:28', '2026-03-16 16:41:28', 'Document created and initially recorded', '2026-03-16 16:41:28', '2026-03-16 16:41:28'),
	(197, 195, 1, 1, 1, 1, '2026-03-16 16:43:07', '2026-03-16 16:43:07', 'Document created and initially recorded', '2026-03-16 16:43:07', '2026-03-16 16:43:07');

-- Dumping structure for table pictorts.documents
CREATE TABLE IF NOT EXISTS `documents` (
  `id` bigint(20) unsigned NOT NULL AUTO_INCREMENT,
  `dts_number` varchar(255) NOT NULL,
  `transaction_number` varchar(255) DEFAULT NULL,
  `picto_number` varchar(255) DEFAULT NULL,
  `doc_number` varchar(255) DEFAULT NULL,
  `memorandum_number` varchar(255) DEFAULT NULL,
  `period` text DEFAULT NULL,
  `particulars` text DEFAULT NULL,
  `opg_reference_no` text DEFAULT NULL,
  `opa_reference_no` text DEFAULT NULL,
  `governors_instruction` text DEFAULT NULL,
  `administrators_instruction` text DEFAULT NULL,
  `returned` text DEFAULT NULL,
  `opg_action_slip` text DEFAULT NULL,
  `dts_no` text DEFAULT NULL,
  `document_type` varchar(255) NOT NULL,
  `direction` enum('INCOMING','OUTGOING') NOT NULL,
  `originating_office` bigint(20) unsigned NOT NULL,
  `to_office` bigint(20) unsigned DEFAULT NULL,
  `current_office` bigint(20) unsigned DEFAULT NULL,
  `current_holder` bigint(20) unsigned DEFAULT NULL,
  `subject` varchar(255) NOT NULL,
  `action_required` text DEFAULT NULL,
  `endorsed_to` varchar(255) DEFAULT NULL,
  `date_received` date DEFAULT NULL,
  `status` enum('ONGOING','DELIVERED','COMPLETED') NOT NULL DEFAULT 'ONGOING',
  `remarks` text DEFAULT NULL,
  `shared_drive_link` varchar(255) DEFAULT NULL,
  `received_via_online` tinyint(1) NOT NULL DEFAULT 0,
  `encoded_by` bigint(20) unsigned DEFAULT NULL,
  `created_at` timestamp NULL DEFAULT NULL,
  `updated_at` timestamp NULL DEFAULT NULL,
  PRIMARY KEY (`id`),
  UNIQUE KEY `documents_dts_number_unique` (`dts_number`),
  KEY `documents_to_office_foreign` (`to_office`),
  KEY `documents_dts_number_index` (`dts_number`),
  KEY `documents_ictu_number_index` (`picto_number`),
  KEY `documents_doc_number_index` (`doc_number`),
  KEY `documents_document_type_index` (`document_type`),
  KEY `documents_direction_index` (`direction`),
  KEY `documents_status_index` (`status`),
  KEY `documents_originating_office_index` (`originating_office`),
  KEY `documents_current_office_index` (`current_office`),
  KEY `documents_current_holder_index` (`current_holder`),
  KEY `documents_encoded_by_index` (`encoded_by`),
  KEY `documents_document_type_status_index` (`document_type`,`status`),
  KEY `documents_direction_status_index` (`direction`,`status`),
  KEY `documents_created_at_index` (`created_at`),
  KEY `documents_transaction_number_index` (`transaction_number`),
  CONSTRAINT `documents_current_holder_foreign` FOREIGN KEY (`current_holder`) REFERENCES `users` (`id`),
  CONSTRAINT `documents_current_office_foreign` FOREIGN KEY (`current_office`) REFERENCES `offices` (`id`),
  CONSTRAINT `documents_encoded_by_foreign` FOREIGN KEY (`encoded_by`) REFERENCES `users` (`id`),
  CONSTRAINT `documents_originating_office_foreign` FOREIGN KEY (`originating_office`) REFERENCES `offices` (`id`),
  CONSTRAINT `documents_to_office_foreign` FOREIGN KEY (`to_office`) REFERENCES `offices` (`id`)
) ENGINE=InnoDB AUTO_INCREMENT=202 DEFAULT CHARSET=utf8mb4 COLLATE=utf8mb4_unicode_ci;

-- Dumping data for table pictorts.documents: ~174 rows (approximately)
INSERT INTO `documents` (`id`, `dts_number`, `transaction_number`, `picto_number`, `doc_number`, `memorandum_number`, `period`, `particulars`, `opg_reference_no`, `opa_reference_no`, `governors_instruction`, `administrators_instruction`, `returned`, `opg_action_slip`, `dts_no`, `document_type`, `direction`, `originating_office`, `to_office`, `current_office`, `current_holder`, `subject`, `action_required`, `endorsed_to`, `date_received`, `status`, `remarks`, `shared_drive_link`, `received_via_online`, `encoded_by`, `created_at`, `updated_at`) VALUES
	(11, '2026ZLRVDKCCMRIH', NULL, NULL, 'PICTO-OPG-MEMO-2026-000001', 'Memorandum No. 135 S.2025', NULL, NULL, NULL, NULL, NULL, NULL, NULL, NULL, NULL, 'MEMO', 'INCOMING', 1, NULL, 1, 1, 'January-Born Officials, Employees, and Job-Order/Contract of Service Workers', NULL, 'Discussion Points From the 5th Governors Cabinet Meeting', '2026-01-06', 'ONGOING', 'For filing', 'https://drive.google.com/file/d/1m1BkgjqfcdBqcLHvukTNKEmGgq3K2DZW/view?usp=sharing', 0, 1, '2026-03-05 17:29:58', '2026-03-05 19:28:36'),
	(14, '2026KSHMWTLJDSSJ', NULL, NULL, 'PICTO-OPG-MEMO-2026-000002', 'Memorandum No. 136 S.2025', NULL, NULL, NULL, NULL, NULL, NULL, NULL, NULL, NULL, 'MEMO', 'INCOMING', 1, NULL, 1, 1, 'Submission of 2nd Semester 2025 I/U/OPCR Ratingd and 1st Sem 2026 I/U/OPCR Targets of PGLU Departments/Hospitals', NULL, 'All Department Heads/Chiefs of Hospitals/OICs and OPG Units', '2026-01-06', 'ONGOING', 'Admin please handle', 'https://drive.google.com/file/d/12Ztyjn9t5SliyhVZkxZ8T0AtQJ8NgOQ5/view?usp=sharing', 0, 1, '2026-03-05 18:32:43', '2026-03-05 19:28:36'),
	(15, '2026HDBVUFYCQLCE', NULL, NULL, 'PICTO-OPG-MEMO-2026-000003', 'Memorandum S.2025', NULL, 'Prepare their CY 2026 Annual Work and Financial Plan using the guidelines and templates accessible at tinyurl.com/PGLU-AWFP2026 on or before January 16, 2026', NULL, NULL, NULL, NULL, NULL, NULL, NULL, 'MEMO', 'INCOMING', 1, NULL, 1, 1, 'Guidelines on the Preparation and Submission of CY 2026 Annual Work and Financial Plan', NULL, 'All Department Heads/Chiefs of Hospitals/OICs and OPG Units', '2026-03-08', 'ONGOING', 'Admin, for your reference', 'https://drive.google.com/file/d/1xrOjyMrbVemaEMUIV1u0IOW-cF7uY4NR/view?usp=sharing', 0, 1, '2026-03-05 18:39:41', '2026-03-05 19:28:36'),
	(16, '2026CZOCSGRPHKVL', NULL, NULL, 'PICTO-OPG-MEMO-2026-000004', 'Memo No. 2 s. 2026', NULL, 'January 16, 2026, 10:00am., at Speaker Pro Tempore Francisco I. Ortega Bayview Hall', NULL, NULL, NULL, NULL, NULL, NULL, NULL, 'MEMO', 'INCOMING', 1, NULL, 1, 1, 'Notice of the 6th Governor\'s Cabinet Meeting', 'Cabinet materials can be accessed at bit.ly/6thGovCabMeeting', 'All Department Heads/Chiefs of Hospitals/OICs and OPG Units', '2026-01-08', 'ONGOING', 'For filing', 'https://drive.google.com/file/d/1ZQ7j7bqaC0xzRzF38xvsvkOHrFCBb4Ad/view?usp=sharing', 0, 1, '2026-03-05 18:59:15', '2026-03-05 19:28:36'),
	(17, '2026EIGBTCSQJTCE', NULL, NULL, 'PICTO-OPG-MEMO-2026-000005', 'Memo No. 3 s. 2026', NULL, 'Prepare their CY 2026 Annual Work and Financial Plan using the guidelines and templates accessible at tinyurl.com/PGLU-AWFP2026 on or before January 16, 2026', NULL, NULL, NULL, NULL, NULL, NULL, NULL, 'MEMO', 'INCOMING', 1, NULL, 1, 1, 'Guidelines on the Preparation and Submission of CY 2026 Annual Work and Financial Plan', NULL, 'All Department Heads/Chiefs of Hospitals/OICs and OPG Unit Heads', '2026-01-12', 'ONGOING', 'Admin, please handle', 'https://drive.google.com/file/d/1XP1CFgN8W4qCFQV7n0UjMLwT3QjcjNXi/view?usp=sharing', 0, 1, '2026-03-05 19:01:31', '2026-03-05 19:28:36'),
	(18, '2026TKBOJJKCPRGI', NULL, NULL, 'PICTO-OPA-MEMO-2026-000001', 'Memo No. 1 s. 2026', NULL, NULL, NULL, NULL, NULL, NULL, NULL, NULL, NULL, 'MEMO', 'INCOMING', 2, NULL, 2, 1, 'Schedule of Wearing Office Uniform for CY 2026', 'Effective January 5, 2025, all PGLU officials and office employees including elected officials, shall observe the following schedule in wearing office uniform', 'All Officials and Employees', '2026-01-07', 'ONGOING', NULL, NULL, 0, 1, '2026-03-05 19:02:58', '2026-03-05 21:07:24'),
	(19, '2026QFSCUQUWWKQJ', NULL, NULL, 'PICTO-OPA-MEMO-2026-000002', 'Memo No. 3 s. 2026', NULL, NULL, NULL, NULL, NULL, NULL, NULL, NULL, NULL, 'MEMO', 'INCOMING', 2, NULL, 2, 1, 'Revision and Updating of ISO Procedures', 'Revise or update ISO Procedures to be sumitted at OPA-ASMD for review and approval on or before January 27, 2026', 'All Department Heads, OICs and Division Heads, OPG, OPA and Chiefs of Hospitals', '2026-01-12', 'ONGOING', 'DMU/All Units, for the compliance of our office, give time for this ASAP', 'https://drive.google.com/file/d/1iZFlzuJwkDKmm_Zl16y9ztemHUOGguan/view?usp=sharing', 0, 1, '2026-03-05 21:13:32', '2026-03-05 21:13:32'),
	(20, '2026PTFPZRHDXODZ', NULL, NULL, 'PICTO-OPA-MEMO-2026-000003', 'Memo No. 5 s. 2026', NULL, NULL, NULL, NULL, NULL, NULL, NULL, NULL, NULL, 'MEMO', 'INCOMING', 2, NULL, 2, 1, 'Request for vouluntary financial assistance to the bereaved family of the late Wilson Cobales', 'Please submit voluntary donations to the OPG-SSU on or before Friday, Jan. 16, 2026', 'All Department Heads, OICs and Division Heads, OPG, OPA and Chiefs of Hospitals', '2026-01-13', 'ONGOING', 'Admin, Pls handle', 'https://drive.google.com/file/d/1a2E0UOKdkvbDwAH2MFGfDlXBqLYk9PiN/view?usp=sharing', 0, 1, '2026-03-05 21:16:07', '2026-03-05 21:16:07'),
	(21, '2026IUYYTHSUKSZG', NULL, NULL, 'PICTO-OPA-MEMO-2026-000004', 'Memo No. 6 s. 2026', NULL, NULL, NULL, NULL, NULL, NULL, NULL, NULL, NULL, 'MEMO', 'INCOMING', 2, NULL, 2, 1, 'Suspension of Parking at Apiary Due to Construction of PGLU Material Recovery Facility (MRF)', 'Temporarily suspended to ensure the safety of personnel unobstructed access and smooth implementation of the project', 'All Department Heads/OICs, Chief of Hospitals and Unit Heads, OPG & OPA', '2026-01-14', 'ONGOING', 'To all concerned pls comply', 'https://drive.google.com/file/d/1sZx5EwZ_oypAObnoWgXEBpyA2OmVrpvp/view?usp=sharing', 0, 1, '2026-03-05 22:20:29', '2026-03-05 22:20:29'),
	(22, '2026WXSYKIJHIYIU', NULL, NULL, 'PICTO-OPA-MEMO-2026-000005', 'Memo No. 7 s. 2026', NULL, NULL, NULL, NULL, NULL, NULL, NULL, NULL, NULL, 'MEMO', 'INCOMING', 2, NULL, 2, 1, 'Submission Deadline of Purchase Request for Meals and snacks', 'Deadline of Submission is on or before Jan 19, 2026 at the BAC', 'All Department Heads/OICs, Chief of Hospitals and Unit Heads', '2026-01-14', 'ONGOING', 'Admin, Pls handle', 'https://drive.google.com/file/d/1r6nIvZzZQdR3pbIGIQV_1p3atoYHqS9z/view?usp=sharing', 0, 1, '2026-03-05 22:22:01', '2026-03-05 22:22:01'),
	(23, '2026OPKZGICHXOOG', NULL, NULL, 'PICTO-PHRMDO-MEMO-2026-000001', '3', NULL, NULL, NULL, NULL, NULL, NULL, NULL, NULL, NULL, 'MEMO', 'INCOMING', 4, NULL, 4, 1, 'Submission of Personnel Data Sheet (PDS), and Sworn Statement of Assets, Liabilities, and Net Worth (SALN)', 'CSC Form 212 Revised 2025 (PDS), deadline, January 30, 2026 Link: https://bit.ly/Revised-PDS ; SALN, deadline MArch 31, 2026-Link: https://bit.ly/Updated-SALN', 'All Department Heads/OICs, COHs and OPG Division Heads', '2026-01-15', 'ONGOING', NULL, NULL, 0, 1, '2026-03-05 22:24:36', '2026-03-05 22:24:36'),
	(24, '2026DPHLICXGVDVE', NULL, NULL, 'PICTO-PHRMDO-MEMO-2026-000002', NULL, NULL, NULL, NULL, NULL, NULL, NULL, NULL, NULL, NULL, 'MEMO', 'INCOMING', 19, NULL, 4, 1, 'Call for Nomination - Ateneo School of Government MAster In Public Administration (MPA) program', 'The PGLU invites nominations for the MAster in Public Administration (MPA) program of the Ateneo School of Government- priority shall be given to interested DHs and ADHs. Submit nominations to PHRMDO on or before Wednesday, January 21, 2026', 'All Department Heads/OICs,', '2026-01-19', 'ONGOING', NULL, NULL, 0, 1, '2026-03-05 22:25:53', '2026-03-05 22:34:57'),
	(25, '2026KHYYEYYAOJBM', NULL, NULL, 'PICTO-PHRMDO-MEMO-2026-000003', 'Memo Circular No. 4 S. 2026', NULL, NULL, NULL, NULL, NULL, NULL, NULL, NULL, NULL, 'MEMO', 'INCOMING', 4, NULL, 4, 1, 'Guidelines in the Availment of Wellness Leave', NULL, 'All Department Heads/OICs and COH, and OPG Division Heads', '2026-02-06', 'ONGOING', 'Admin, for discussion with me', 'https://drive.google.com/file/d/1YUrZno_wpPFsSKyQQLhpPCkKeP7cveWD/view?usp=sharing', 0, 1, '2026-03-05 22:28:29', '2026-03-05 22:28:29'),
	(26, '2026DSPGISCQAXBY', NULL, NULL, 'PICTO-PHRMDO-MEMO-2026-000004', 'Memo Circular No. 5 S. 2026', NULL, NULL, NULL, NULL, NULL, NULL, NULL, NULL, NULL, 'MEMO', 'INCOMING', 4, NULL, 4, 1, 'Use of the Standard Overtime Request Template', 'Effective immediately, all offices are directed to adopt the attached format in preparing overtime memoranda', 'All Department Heads/OICs and COH, and OPG Division Heads', '2026-02-06', 'ONGOING', NULL, 'https://drive.google.com/file/d/13iNEiE-u_dpGpkFTR123y7fmkoQkmld0/view?usp=sharing', 0, 1, '2026-03-05 22:31:01', '2026-03-05 22:31:01'),
	(27, '2026HZYNITVYAQZS', NULL, NULL, 'PICTO-PHRMDO-MEMO-2026-000005', 'Memo Circular 1 s.26', NULL, 'Please authorize your respective AOs/Designates to attend the PGLU AOs meeting, Wednesday, January 14, 2026, 9:00am at BAC Conference Room', NULL, NULL, NULL, NULL, NULL, NULL, NULL, 'MEMO', 'INCOMING', 19, NULL, 4, 1, 'Notice of Regular Administrative Officers\' Meeting and Agenda', NULL, 'All Department Heads/OICs and Chief of Hospitals, and OPG Unit Heads', '2026-01-08', 'ONGOING', NULL, 'https://drive.google.com/file/d/1kRlOgWOObpPYZWkDLANZAfPQWfNk3v6x/view?usp=sharing', 0, 1, '2026-03-05 22:34:40', '2026-03-05 22:35:29'),
	(28, '2026IDUOISGCQDKX', NULL, NULL, 'PICTO-PHRMDO-MEMO-2026-000006', 'Memo Cir. 2 s. 2026', NULL, 'Attached schedule of the CY 2026 Weekly Value Focus', NULL, NULL, NULL, NULL, NULL, NULL, NULL, 'MEMO', 'INCOMING', 4, NULL, 4, 1, '2026 Weekly Value Focus Schedule', 'Please be guided accordingly and take the necessary action to ensure the regular implementation of value sharing in your respective offices', 'All Department Heads/OICs and Chief of Hospitals, and OPG Unit Heads', '2026-01-09', 'ONGOING', 'Admin, kindly prepare necessary schedule', 'https://drive.google.com/file/d/1yNXWf0MCuYAjCLkDoZIizf_kyn2sYC4N/view?usp=sharing', 0, 1, '2026-03-05 22:43:54', '2026-03-05 22:43:54'),
	(29, '2026CLUTBAHMZSKO', NULL, NULL, 'PICTO-OPACC-MEMO-2026-000001', 'Memo No. 001 s. 2026', NULL, 'JOCOS to fill out and submit to the OPAcc three (3) original copies of notarized Annex "A-a" with doc stamp in each copy, not later than Jan. 19, 2026', NULL, NULL, NULL, NULL, NULL, NULL, NULL, 'MEMO', 'INCOMING', 41, NULL, 41, 1, 'Submission of Income Payee\'s Sworn Declaration of Gross Receipts/Sales or Annex "A-1" of Job Order and Contract of Service Personnel', 'Download the form through this link https://tinyurl.com/JOCOS2026-ANNEX-A1.', 'All Department Heads/OICs and Chief of Hospitals, and OPG Unit Heads', '2026-01-13', 'ONGOING', 'To all concerned, Kindly comply', 'https://drive.google.com/file/d/1tUu9STPiZFRbK3bcTRxW66YrXr9UK9m_/view?usp=sharing', 0, 1, '2026-03-05 22:57:36', '2026-03-05 22:57:36'),
	(30, '2024HYLSOCVWQEQZ', NULL, NULL, 'PICTO-PGSO-SO-2024-000001', NULL, NULL, 'Engr. Robert L. Lelina, Assistant PGSO', NULL, NULL, NULL, NULL, NULL, NULL, NULL, 'SO', 'INCOMING', 7, NULL, 7, 1, 'Designation as OIC of the PGSO', 'For dissemination', 'ASS', '2024-01-08', 'COMPLETED', 'Received via AO GC c/o Sir Rhoman;', NULL, 1, 1, '2026-03-05 23:00:46', '2026-03-05 23:01:13'),
	(31, '2025QGXIZKPCOKLJ', NULL, NULL, 'PICTO-OPG-SO-2025-000001', 'Special Order No. 123', NULL, 'Effective December 26, 2024 until revoved or upon appointment of a permanent Chief of Hospital (COH)', NULL, NULL, NULL, NULL, NULL, NULL, NULL, 'SO', 'INCOMING', 1, NULL, 1, 1, 'Designation as OIC of Caba District Hospital', 'For dissemination', 'ASS', '2025-01-08', 'ONGOING', 'Admin for dissemination let the team affix their initials', 'https://drive.google.com/file/d/1tlNfARMfdgSWFV3qx9ND1GWFE6Uiq7hu/view?usp=sharing', 0, 1, '2026-03-05 23:04:46', '2026-03-05 23:04:46'),
	(32, '2026JUZTUANSPZCS', NULL, NULL, 'PICTO-OPG-SO-2026-000001', 'Special Order No. 002 Series of 2026', NULL, 'Designation as OIC Provincial Government Department Head (PGDH) of the PICTO', NULL, NULL, NULL, NULL, NULL, NULL, NULL, 'SO', 'INCOMING', 1, NULL, 1, 1, 'Gerry D. Binas-o', NULL, NULL, '2026-01-09', 'ONGOING', NULL, 'https://drive.google.com/file/d/1k8jFz_bhqRZoBRmyaPnVtIFv3sDAOJLE/view?usp=sharing', 0, 1, '2026-03-05 23:13:31', '2026-03-05 23:13:31'),
	(40, '2026FXXKCJEYSCKV', NULL, NULL, 'PICTO-OPG-MEMO-2026-000010', 'Memo No. 9 s. 2026', NULL, NULL, NULL, NULL, NULL, NULL, NULL, NULL, NULL, 'MEMO', 'INCOMING', 1, NULL, 1, 1, 'Monthly Submission of PGLU Customer Feedback Results and Performance Analysis', NULL, 'All Department Heads/OICs, and OPG Division Heads', '2026-01-19', 'ONGOING', 'Admin, for consideration during meeting', 'https://drive.google.com/file/d/1PuURbG4HXU-5Z88Fw-t22CIRViGAcUjg/view?usp=sharing', 0, 1, '2026-03-11 22:03:00', '2026-03-11 22:20:03'),
	(42, '2026PNCIQSIGEFLE', NULL, NULL, 'PICTO-OPG-MEMO-2026-000011', 'Memo No. 11 s. 2026', NULL, NULL, NULL, NULL, NULL, NULL, NULL, NULL, NULL, 'MEMO', 'INCOMING', 1, NULL, 1, 1, 'Centralization of Printing and Design of Certificates', 'all certificates design shall be subject to review and clearance by the PIO prior to printing. and Printing of all certificates, such as but not limited to Cert of Recognition, Appreciation and similar official certificates shall be centralized at the Provincial Information and Communication Technology Office (PICTO)', 'All Department Heads/OICS, Chief of Hospitals and Unit Heads, OPG', '2026-01-19', 'ONGOING', 'Admin, kindly prepare Office Order for Ms. Dyna for this.', NULL, 0, 1, '2026-03-11 22:16:47', '2026-03-11 22:16:47'),
	(44, '2026WXSJFRLZVSLQ', NULL, NULL, 'PICTO-OPG-MEMO-2026-000012', 'Memo No.  s. 2026', NULL, 'first quarter https://bit.ly/LU2026FDPQ1\r\nsecond quarter https://bit.ly/LU2026FDPQ2\r\nthird quarter https://bit.ly/LU2026FDPQ3\r\nfourt quarter https://bit.ly/LU2026FDPQ4', NULL, NULL, NULL, NULL, NULL, NULL, NULL, 'MEMO', 'INCOMING', 1, NULL, 1, 1, 'Full Disclosure Policy(FDP) Documents Submission for CY 2026', NULL, 'Ramon B. Torres et. al', '2026-01-20', 'ONGOING', 'Ash, Pls handle', 'https://drive.google.com/file/d/1XbhZdtnrFQDDR-OTdsiF6Ge8L_IrIZp1/view?usp=sharing', 0, 1, '2026-03-11 22:32:12', '2026-03-11 22:32:12'),
	(45, '2026KKKDGRSPYYKB', NULL, NULL, 'PICTO-OPG-MEMO-2026-000013', 'Memo Circular No. 1 S. 2026', NULL, 'Staff Development Program', NULL, NULL, NULL, NULL, NULL, NULL, NULL, 'MEMO', 'INCOMING', 1, NULL, 1, 1, 'January-Born Officials, Employees, and Job-Order/Contract of Service Workers', 'January 30, 2026, (9:00Am -4PM, Speaker Pro-Tempore Francisco I. Ortega Convention Center, Sevilla, City of San Fernando, La Union', 'All Department Heads/OICS, Chief of Hospitals, and OPG Division Heads', '2026-01-26', 'ONGOING', 'Eric/Michelle attend as directed', 'https://drive.google.com/file/d/1ElmF60F70Rlqu9cJLzUbo2OgMs3oISEB/view?usp=sharing', 0, 1, '2026-03-11 22:35:27', '2026-03-11 22:35:27'),
	(46, '6VWAXCGDBLUMH', NULL, NULL, 'PICTO-OPG-MEMO-6-000001', 'Memorandum No. 15 S. 2026', NULL, 'bit.ly/Minutes6thCabMeet', NULL, NULL, NULL, NULL, NULL, NULL, NULL, 'MEMO', 'INCOMING', 1, NULL, 1, 1, 'Discussion Points from the 6th Governor\'s Cabinet Meeting', NULL, 'All Department Heads/OICS, Chief of Hospitals, and Unit Heads, OPG & OPA', '0006-02-02', 'ONGOING', NULL, NULL, 0, 1, '2026-03-11 22:37:56', '2026-03-11 22:37:56'),
	(47, '2026EOMDPIKGBODT', NULL, NULL, 'PICTO-OPG-MEMO-2026-000014', 'Memo No. 18 S. 2026', NULL, 'Attached the first 100 Days Report of the Provincial Government of La Union', NULL, NULL, NULL, NULL, NULL, NULL, NULL, 'MEMO', 'INCOMING', 1, NULL, 1, 1, 'First 100 Days Report', NULL, 'All Department Heads/Chiefs of Hospitals/OPG Unit Heads', '2026-02-05', 'ONGOING', NULL, NULL, 0, 1, '2026-03-11 22:39:20', '2026-03-11 22:39:20'),
	(48, '2026XJYKEUPPPWNG', NULL, NULL, 'PICTO-OPA-MEMO-2026-000006', 'Memo No. 9 s. 2026', NULL, NULL, NULL, NULL, NULL, NULL, NULL, NULL, NULL, 'MEMO', 'INCOMING', 2, NULL, 2, 1, 'Monthly Submission of PGLU Customer Feedback Results and Performance Analysis', NULL, 'All Department Heads/OICs, and OPG Division Heads', '2026-01-19', 'ONGOING', 'Admin, for consideration during meeting', 'https://drive.google.com/file/d/1PuURbG4HXU-5Z88Fw-t22CIRViGAcUjg/view?usp=sharing', 0, 1, '2026-03-11 22:42:21', '2026-03-11 22:43:20'),
	(49, '2026XSTXSSIIGMOX', NULL, NULL, 'PICTO-OPA-MEMO-2026-000007', 'Memo No. 11 s. 2026', NULL, NULL, NULL, NULL, NULL, NULL, NULL, NULL, NULL, 'MEMO', 'INCOMING', 2, NULL, 2, 1, 'Centralization of Printing and Design of Certificates', NULL, 'All Department Heads/OICS, Chief of Hospitals and Unit Heads, OPG', '2026-01-19', 'ONGOING', 'Admin, kindly prepare Office Order for Ms. Dyna for this.', 'https://drive.google.com/file/d/1EEplygfQJqDVI1L6Yi3oN0XV14_BWS4M/view?usp=sharing', 0, 1, '2026-03-11 22:45:23', '2026-03-11 22:45:23'),
	(50, '2026QXLQPUTHRORP', NULL, NULL, 'PICTO-OPA-MEMO-2026-000008', 'Memo No. 10 s. 2026', NULL, NULL, NULL, NULL, NULL, NULL, NULL, NULL, NULL, 'MEMO', 'INCOMING', 2, NULL, 2, 1, '1st LUFA - SC Meeting', 'First Coordination Meeting Jan 20, 2026 130pm at BAC Conference Room', '176th LUFA Steering Committee Members', '2026-01-19', 'ONGOING', 'for filing', 'https://drive.google.com/file/d/1GuyjNdIBKtzNGSnab9nqwZR4byfWGjpe/view?usp=sharing', 0, 1, '2026-03-11 22:46:45', '2026-03-11 22:46:45'),
	(51, '2026GXQPSRRIJUJE', NULL, NULL, 'PICTO-OPA-MEMO-2026-000009', 'Memo Circular No. 1 S. 2026', NULL, NULL, NULL, NULL, NULL, NULL, NULL, NULL, NULL, 'MEMO', 'INCOMING', 2, NULL, 2, 1, 'attendance to Eucharistic Celebration', 'PGLU will conduct Bible Week Celebration on January 26-30, 2026. All values Restoration Officers (VROs) are directed to facilitate the Bible-sharing activity in their respective offices. To ensure uniformity in program activity VROs are requested to attend an Orientation on Friday, January 23, 2026, at 10:00AM via Zoom', 'Bible Week Celebration', '2026-01-22', 'ONGOING', 'to all concerned attend as directed', 'https://drive.google.com/file/d/1NsiV0IfOde83Oh4dB2zkt5IfJxdtkMgM/view?usp=sharing', 0, 1, '2026-03-11 22:52:01', '2026-03-11 22:52:01'),
	(52, '2026UGPBBPXEGLVQ', NULL, NULL, 'PICTO-OPA-MEMO-2026-000010', 'Memo No. 20 s.2026', NULL, NULL, NULL, NULL, NULL, NULL, NULL, NULL, NULL, 'MEMO', 'INCOMING', 2, NULL, 2, 1, 'Submission of LUFA Related Collateral Request', 'directed to submit their LUFA related request on or before Jan 26, 2026', 'All Lufa Organizing Commitees and Concerned Departments', '2026-01-23', 'ONGOING', 'for filing', 'https://drive.google.com/file/d/1JzLsejVM8hEKP1obnde8_uqoIsD1PIlK/view?usp=sharing', 0, 1, '2026-03-11 22:56:51', '2026-03-11 22:56:51'),
	(53, '2026KDHAPNKQWSEB', NULL, NULL, 'PICTO-OPA-MEMO-2026-000011', 'Memo No. 25 s.2026', NULL, NULL, NULL, NULL, NULL, NULL, NULL, NULL, NULL, 'MEMO', 'INCOMING', 2, NULL, 2, 1, 'Mass Hands-Only CardioPulmonary Resuscitation (HOCPR) Orientation', 'February 13, 2026, 9:00AM to 11:00AM, Speaker Pro-Tempore Francisco I. Ortega Convention Center- Meeting Room 4, designate two (2) participants', 'All Department Heads/OICs, Chiefs of Hospitals, and Unit Heads, OPG & OPG', '2026-02-02', 'ONGOING', 'Emergency officers attend as directed', 'https://drive.google.com/file/d/1BjXFwuSAxBYPucLQv9AO2S7OxS7e0Otn/view?usp=sharing', 0, 1, '2026-03-11 23:00:48', '2026-03-11 23:00:48'),
	(54, '2026BEQBERTRCAGJ', NULL, NULL, 'PICTO-OPA-MEMO-2026-000012', 'Memo No. 28 S. 290', NULL, NULL, NULL, NULL, NULL, NULL, NULL, NULL, NULL, 'MEMO', 'INCOMING', 2, NULL, 2, 1, 'Request for Assistance-Agkaysa Walk Acitivy 176th La Union Founding Anniversary (LUFA)', 'February 15, 2026, Sunday, 8:00am, The Unity Walk will start at the Diversion Road, San Juan(infront of Nemith Building and VM Pablo Ortega\'s Garage and will end at SM City Mall La Union', 'All concerned Department Heads/OICS and Unit Heads, OPG', '2026-02-04', 'ONGOING', 'for filing', 'https://drive.google.com/file/d/1tBG2HzqWl5jE5bV-UAZjnDWWzAyJk8JE/view?usp=sharing', 0, 1, '2026-03-11 23:02:19', '2026-03-11 23:02:19'),
	(55, '2026GWBMYWJNLZTF', NULL, NULL, 'PICTO-OPA-MEMO-2026-000013', 'Memo No. 30 S. 2026', NULL, NULL, NULL, NULL, NULL, NULL, NULL, NULL, NULL, 'MEMO', 'INCOMING', 2, NULL, 2, 1, '2nd LUFA-SC Meeting', 'February 6, 2026, 1:30PM, at the BAC Conference Room.', '176th LUFA Steering Committee Members', '2026-02-05', 'ONGOING', 'Sha,  join me on this', 'https://drive.google.com/file/d/1nhl9mU9N4jYFS4aWTyRUqKOgtjHaP6kh/view?usp=sharing', 0, 1, '2026-03-11 23:04:23', '2026-03-11 23:04:23'),
	(56, '2026YUGRMLIRCPHR', NULL, NULL, 'PICTO-OPA-MEMO-2026-000014', 'Memo Circular No. 3 s. 2026', NULL, NULL, NULL, NULL, NULL, NULL, NULL, NULL, NULL, 'MEMO', 'INCOMING', 2, NULL, 2, 1, 'Attendance to Eucharistic Celebration', 'to support the Eucharistic Celebration on February 10, 2026, 9:30AM, at the Saint William Cathedral, CSF', 'All Department Heads/OICs and OPG Division Heads', '2026-02-06', 'ONGOING', 'Admin please handle', 'https://drive.google.com/file/d/1XTZr2eN7lYpQsjlKmSBbC_ikB8NtPkHV/view?usp=sharing', 1, 1, '2026-03-11 23:08:09', '2026-03-11 23:08:09'),
	(57, '2026ZCEDCGUKOCXR', NULL, NULL, 'PICTO-OPA-MEMO-2026-000015', 'Memo Circular No. 4 S. 2026', NULL, NULL, NULL, NULL, NULL, NULL, NULL, NULL, NULL, 'MEMO', 'INCOMING', 2, NULL, 2, 1, 'Valentine Wellness Activity', 'Mini-valentine activities for officials and employees on February 13, 2026 from 8:00am onwards at the Provincial Capitol Lobby', 'All Department Heads/OICs and OPG Division Heads', '2026-02-02', 'ONGOING', 'Admin, kindly disseminate to the team', 'https://drive.google.com/file/d/1V2MzkFdm42UdR5thDKbZvavhbhY0RdRj/view?usp=sharing', 0, 1, '2026-03-11 23:09:42', '2026-03-11 23:09:42'),
	(58, '2026QKXBSZVGZEIJ', NULL, NULL, 'PICTO-OPA-MEMO-2026-000016', 'Memo No. 32 s. 2026', NULL, NULL, NULL, NULL, NULL, NULL, NULL, NULL, NULL, 'MEMO', 'INCOMING', 2, NULL, 2, 1, 'Participation-Unity Fun Bike Activity 176th La Union Founding Anniversary (LUFA), February 15, 2026 (sunday),5:00am', 'encourage interested PGLU employees to participate in the said event through bit.ly/2026UnityFun BikeRegistration', 'All concerned Department Heads/OICS and Unit Heads, OPG', '2026-02-06', 'ONGOING', 'to all interested you may register in the link provided 1st 176 will be given finisher medal', 'https://drive.google.com/file/d/1LzTVJS1Y8bVZQzeVbvAATkIMIRxyzrRo/view?usp=sharing', 0, 1, '2026-03-11 23:11:11', '2026-03-11 23:11:11'),
	(59, '2026XPMELXEZDIMO', NULL, NULL, 'PICTO-OPA-MEMO-2026-000017', 'Memo N0. 34 S. 2026', NULL, NULL, NULL, NULL, NULL, NULL, NULL, NULL, NULL, 'MEMO', 'INCOMING', 2, NULL, 2, 1, '3rd LUFA-SC MEETING', 'February 11, 2026, 1:30PM, at the BAC Conference Room', '176th LUFA Steering Committee Members', '2026-02-10', 'ONGOING', 'Allan attend to this', NULL, 0, 1, '2026-03-11 23:13:25', '2026-03-11 23:13:25'),
	(60, '2026LRAFEDGFBPEG', NULL, NULL, 'PICTO-OPA-MEMO-2026-000018', 'Memo No. 36 S. 2026', NULL, NULL, NULL, NULL, NULL, NULL, NULL, NULL, NULL, 'MEMO', 'INCOMING', 2, NULL, 2, 1, 'Utilization of PGLU Facilities for Trainings, Seminars and Similar Activities', 'all department are hereby directed to prioritize the use of available PGLU facilities when conducting trainings, seminars, workshops, meetings, orientation, an other similar official activities. Holding activities in external venues may be allowed only when PGLU facilities are unsuitable', 'All Department Heads, OICs, and Chiefs of Hospitals', '2026-02-11', 'ONGOING', 'PICTO, Please note on this directiive', 'https://drive.google.com/file/d/1AEpWUu3lewtqt-tO4p9YugSRsCl5LFjf/view?usp=sharing', 0, 1, '2026-03-11 23:14:53', '2026-03-11 23:14:53'),
	(61, '2026IZQXFKEHLSPN', NULL, NULL, 'PICTO-OPA-MEMO-2026-000019', 'Memo No. 37 S. 2026', NULL, NULL, NULL, NULL, NULL, NULL, NULL, NULL, NULL, 'MEMO', 'INCOMING', 2, NULL, 2, 1, 'Compliance with DILG MC No. 2026-006', 'prohibition on the display or affixture of the name, image, and likeness of public officials on government-funded projects, programs, activities, properties, signages, and similar materials', 'All Department Heads, OICs, and Chiefs of Hospitals', '2026-02-11', 'ONGOING', 'Admin, Pls see me', 'https://drive.google.com/file/d/12srYq3Jf30ohGwE9MeVNTHaJ7oZ7s9OQ/view?usp=sharing', 0, 1, '2026-03-11 23:31:00', '2026-03-11 23:31:00'),
	(62, '2026TXQXIZPMAMTU', NULL, NULL, 'PICTO-OPACC-MEMO-2026-000002', 'Memo No. 001 s. 2026', NULL, 'JOCOS to fill out and submit to the OPAcc three (3) original copies of notarized Annex "A-a" with doc stamp in each copy, not later than Jan. 19, 2026', NULL, NULL, NULL, NULL, NULL, NULL, NULL, 'MEMO', 'INCOMING', 41, NULL, 41, 1, 'Submision of Income Payee\'s Sworn Declaration of Gross Receipts/Sales or Annex "A-1" of Job Order and Contract of Service Personnel', 'download the form through this link https://tinyurl.com/JOCOS2026-ANNEX-A1.', 'All Department Heads/OICs and Chief of Hospitals, and OPG Unit Heads', '2026-01-13', 'ONGOING', 'To all concerned, Kindly comply', 'https://drive.google.com/file/d/1tUu9STPiZFRbK3bcTRxW66YrXr9UK9m_/view?usp=sharing', 0, 1, '2026-03-12 00:24:01', '2026-03-12 00:24:01'),
	(63, '2024CCSVZGJYPLNU', NULL, NULL, 'PICTO-PGSO-SO-2024-000002', 'Memo 05-2024', 'January 8 to 12, 2024', 'Mr. Francis Michael C. Eslava', NULL, NULL, NULL, NULL, NULL, NULL, NULL, 'SO', 'INCOMING', 7, NULL, 7, 1, 'Designation as OIC of the PGSO', 'for dissemination', 'ASS', '2024-01-08', 'ONGOING', 'revision to previous SO; received via AO GC c/o Sir Rhoman', NULL, 1, 1, '2026-03-12 00:28:57', '2026-03-12 00:28:57'),
	(64, '2024JRLUVNUNFFRP', NULL, NULL, 'PICTO-PIO-SO-2024-000001', NULL, '1/12/2024', 'Ms. Camille R. Bumatay', NULL, NULL, NULL, NULL, NULL, NULL, NULL, 'SO', 'INCOMING', 9, NULL, 9, 1, 'Designation as OIC of the PIO', 'for dissemination', 'ASS', '2024-01-09', 'ONGOING', NULL, NULL, 0, 1, '2026-03-12 00:31:10', '2026-03-12 00:31:10'),
	(65, '2024PAIWQHNJDZVV', NULL, NULL, 'PICTO-OPG-SO-2024-000001', NULL, 'Effective Jan. 3, 2024', 'Mr. Julius Manabat, SAO', NULL, NULL, NULL, NULL, NULL, NULL, NULL, 'SO', 'INCOMING', 1, NULL, 1, 1, 'Designation as In-Charge of hte La Union Provincial Tourism Office', 'for dissemination', 'ASS', '2024-01-09', 'ONGOING', 'for dissemination to the team let them affix their initials', NULL, 0, 1, '2026-03-12 00:32:50', '2026-03-12 00:32:50'),
	(66, '2024ITIFYHCNHDZA', NULL, NULL, 'PICTO-OPG-SO-2024-000002', NULL, 'until January 31, 2024', 'Ms. Leony Gagni, Agricultural Center Chief II', NULL, NULL, NULL, NULL, NULL, NULL, NULL, 'SO', 'INCOMING', 1, NULL, 1, 1, 'Extension of Designation as OIC-Provincial Government Assistant Department Head', 'for dissemination', 'ASS', '2024-01-10', 'ONGOING', NULL, NULL, 0, 1, '2026-03-12 00:34:32', '2026-03-12 00:34:32'),
	(67, '2024OLBYGDTALVZJ', NULL, NULL, 'PICTO-OPG-SO-2024-000003', 'SO. No 11 S2024', 'Immediately', 'Mr. Francisco Emmanuel R. Ortega III', NULL, NULL, NULL, NULL, NULL, NULL, NULL, 'SO', 'INCOMING', 1, NULL, 1, 1, 'Management Assignments and Designation', 'for dissemination', 'ASS', '2024-01-11', 'ONGOING', 'for dissemination to the team let them affix their initials', NULL, 0, 1, '2026-03-12 00:36:28', '2026-03-12 00:36:28'),
	(68, '2024AKFFLMGIUKDU', NULL, NULL, 'PICTO-OPA-SO-2024-000001', 'SO No. 12 S 2024', NULL, 'Engr. Robert L. Lelina', NULL, NULL, NULL, NULL, NULL, NULL, NULL, 'SO', 'INCOMING', 2, NULL, 2, 1, 'Reassigned to the Office of the Provincial Administrator and Designation as Acting Assistant Provincial Administrator', NULL, 'ASS', '2024-01-15', 'ONGOING', 'for dissemination to the team let them affix their initials', NULL, 0, 1, '2026-03-12 00:42:05', '2026-03-12 00:42:05'),
	(69, '2024LSVPBQUGANIF', NULL, NULL, 'PICTO-OPG-SO-2024-000004', 'SO No. 12', 'January 8, 2024 - January 7, 2025', 'Engr. Robert L. Lelina', NULL, NULL, NULL, NULL, NULL, NULL, NULL, 'SO', 'INCOMING', 1, NULL, 1, 1, 'Designation as Acting Assistant Provincial Administrator', 'for dissemination', 'ASS', '2024-01-15', 'ONGOING', 'via EMail', NULL, 1, 1, '2026-03-12 00:43:25', '2026-03-12 00:43:25'),
	(70, '2024OYQFQUWAIBOS', NULL, NULL, 'PICTO-OPG-SO-2024-000005', 'SO No. 15', 'Immediately', 'Engr. Robert L. Lelina', NULL, NULL, NULL, NULL, NULL, NULL, NULL, 'SO', 'INCOMING', 1, NULL, 1, 1, 'Designation as New ISO Facilitator/EHSMR and Other Management Assignments', 'for dissemination', 'ASS', '2024-01-16', 'ONGOING', 'For initial of all ICTU Family', NULL, 0, 1, '2026-03-12 01:01:25', '2026-03-12 01:01:25'),
	(71, '2024LUGWKYODIJWB', NULL, NULL, 'PICTO-OPG-SO-2024-000006', 'SO N0.17', 'Immediately', 'For application for Leave of Asst. Dept Head and rank-and-file employees, CTO, OJT/Immersion Form', NULL, NULL, NULL, NULL, NULL, NULL, NULL, 'SO', 'INCOMING', 1, NULL, 1, 1, 'Signing and approving authority- Rhoniel Dimaculangan', 'for dissemination', 'ASS', '2024-01-17', 'ONGOING', 'for dissemination to the team let them affix their initials', NULL, 0, 1, '2026-03-12 01:02:42', '2026-03-12 01:02:42'),
	(72, '2024GBTUIWLUWIXA', NULL, NULL, 'PICTO-OPG-SO-2024-000007', NULL, 'Immediately', 'Dr. Dan william Y. Dacanay, PHO I', NULL, NULL, NULL, NULL, NULL, NULL, NULL, 'SO', 'INCOMING', 1, NULL, 1, 1, 'Designation as officer-in-charge of the PHO', 'for dissemination', 'ASS', '2024-01-24', 'ONGOING', 'For our refence in our communication. Let them affix their initials', NULL, 0, 1, '2026-03-12 01:03:46', '2026-03-12 01:06:49'),
	(73, '2024IHCUNFFVHHSE', NULL, NULL, 'PICTO-OPG-SO-2024-000008', NULL, 'February 6 to 11, 2024', 'travel abroad for a personal trip to Japan', NULL, NULL, NULL, NULL, NULL, NULL, NULL, 'SO', 'INCOMING', 1, NULL, 1, 1, 'Designation as Acting Governor', 'for dissemination', 'ASS', '2024-02-05', 'ONGOING', 'for dissemination to the team let them affix their initials', NULL, 1, 1, '2026-03-12 01:06:29', '2026-03-12 01:06:29'),
	(74, '2024GYGBVYJRUSQO', NULL, NULL, 'PICTO-PGENRO-SO-2024-000001', 'Memo 2-2024', 'February 7 to 8, 2024', 'Jean Rose E. Go', NULL, NULL, NULL, NULL, NULL, NULL, NULL, 'SO', 'INCOMING', 6, NULL, 6, 1, 'Designation as In-Charge of Office', 'for dissemination', 'ASS', '2024-02-07', 'ONGOING', 'for dissemination to the team let them affix their initials', NULL, 0, 1, '2026-03-12 01:08:07', '2026-03-12 01:08:07'),
	(75, '2024HXUYOXMFEGVP', NULL, NULL, 'PICTO-OPG-SO-2024-000009', 'SO No. 24', 'January 30 to February 12, 2024', 'Dr. Antonio Valdriz Jr', NULL, NULL, NULL, NULL, NULL, NULL, NULL, 'SO', 'INCOMING', 1, NULL, 1, 1, 'Designation as officer-in-charge of Caba District Hospital (CDH)', 'for dissemination', 'ASS', '2024-02-20', 'ONGOING', NULL, NULL, 0, 1, '2026-03-12 01:09:28', '2026-03-12 01:09:28'),
	(76, '2024QKNKGOLSOCTG', NULL, NULL, 'PICTO-OPG-SO-2024-000010', 'SO No. 23', 'February 12 to April 30, 2024', 'Mr. MArcelo J. Otanes', NULL, NULL, NULL, NULL, NULL, NULL, NULL, 'SO', 'INCOMING', 1, NULL, 1, 1, 'Designation as OIC-Provincial Government Assistant Department HEAD', 'for dissemination', 'ASS', '2024-02-20', 'ONGOING', 'for dissemination to the team let them affix their initials', NULL, 0, 1, '2026-03-12 01:10:33', '2026-03-12 01:10:33'),
	(77, '2024KZYIPKUAIYUJ', NULL, NULL, 'PICTO-OPG-SO-2024-000011', 'SO No. 26', 'take effect immediately', 'MA.  Ashley Ebreo, Ma. Angelica de Guzman', NULL, NULL, NULL, NULL, NULL, NULL, NULL, 'SO', 'INCOMING', 1, NULL, 1, 1, 'Designation as Full Disclosure Policy Focal Person', 'for dissemination', 'ASS', '2024-02-26', 'ONGOING', 'Ash/Ange please note on your indicated responsibilities. for you compliance', NULL, 0, 1, '2026-03-12 01:14:41', '2026-03-12 01:14:41'),
	(78, '2024SVGHLEMEDGMF', NULL, NULL, 'PICTO-OPG-SO-2024-000012', 'SO No. 32', 'take effect immediately', 'FRancisco Emmanuel "Pacoy" R. Ortega III for sign and approve TO of DH travelling outside La Union and Overtime Services of Departments', NULL, NULL, NULL, NULL, NULL, NULL, NULL, 'SO', 'INCOMING', 1, NULL, 1, 1, 'Signing and Approving Authority - FRancisco Emmanuel "Pacoy" R. Ortega III', 'for dissemination', 'ASS', '2024-03-13', 'ONGOING', NULL, NULL, 0, 1, '2026-03-12 01:19:02', '2026-03-12 01:19:02'),
	(79, '2024QEXWAXAKLIKJ', NULL, NULL, 'PICTO-PPDO-SO-2024-000001', 'SO No. 5', '3/4/2024', 'EnP Roshelle A. Mamaril', NULL, NULL, NULL, NULL, NULL, NULL, NULL, 'SO', 'INCOMING', 42, NULL, 42, 1, 'Designation as OIC', 'for dissemination', 'ASS', '2024-02-28', 'ONGOING', 'for dissemination to the team. let them affix their initials', NULL, 0, 1, '2026-03-12 01:21:07', '2026-03-12 01:21:07'),
	(80, '2024QGYVJFMBZJRM', NULL, NULL, 'PICTO-PTO-SO-2024-000001', 'Memo 05-2024', 'March 12 - 15, 2024', 'Clarinda Vidamo', NULL, NULL, NULL, NULL, NULL, NULL, NULL, 'SO', 'INCOMING', 10, NULL, 10, 1, 'Designation as Officer-in-Charge of PTO', 'for dissemination', 'ASS', '2024-03-13', 'ONGOING', 'for dissemination', NULL, 0, 1, '2026-03-12 01:24:43', '2026-03-12 01:24:43'),
	(81, '2024KPPGUEXJGGAY', NULL, NULL, 'PICTO-PEO-SO-2024-000001', 'Memo', 'March 18 to 31, 2024', 'Engr. Emille F. Martinez', NULL, NULL, NULL, NULL, NULL, NULL, NULL, 'SO', 'INCOMING', 15, NULL, 15, 1, 'Designation as Officer-in-Charge of PEO', 'for dissemination', 'ASS', '2024-03-25', 'ONGOING', 'for dissemination', NULL, 0, 1, '2026-03-12 01:26:31', '2026-03-12 01:26:31'),
	(82, '2024TALKLSWXWKPR', NULL, NULL, 'PICTO-PGENRO-SO-2024-000002', 'SO 1', 'April 2-8, 2024', 'Raquel Orpilla, Supervising Env. Mgmnt Specialist', NULL, NULL, NULL, NULL, NULL, NULL, NULL, 'SO', 'INCOMING', 6, NULL, 6, 1, 'Designation as Officer-in-charge', 'for dissemination', 'ASS', '2024-04-03', 'ONGOING', 'for dissemination to the team', NULL, 0, 1, '2026-03-12 01:28:15', '2026-03-12 01:28:15'),
	(83, '2024LVTJQEWGMMPX', NULL, NULL, 'PICTO-OPG-SO-2024-000013', 'SO 35', 'April 18 to May 3, 2024', 'Gretchell . Carbonell, M.D', NULL, NULL, NULL, NULL, NULL, NULL, NULL, 'SO', 'INCOMING', 1, NULL, 1, 1, 'Designation as office-in-charge of PHO', 'for dissemination', 'ASS', '2024-04-22', 'ONGOING', 'for dissemination to the team', NULL, 0, 1, '2026-03-12 01:29:34', '2026-03-12 01:29:34'),
	(84, '2024ZTTZJAZVNGYQ', NULL, NULL, 'PICTO-LUPTO-SO-2024-000001', 'Office Order No. 1', 'April 25-29, 2024', 'Hanzel D. Guerrero, Jr.\r\nSenior Tourism Operations Officer', NULL, NULL, NULL, NULL, NULL, NULL, NULL, 'SO', 'INCOMING', 8, NULL, 8, 1, 'Designation as OIC in the LUPTO', 'for dissemination', 'ASS', '2024-04-24', 'ONGOING', NULL, NULL, 0, 1, '2026-03-12 01:30:39', '2026-03-12 01:30:39'),
	(85, '2024DXDSLFIKGJTU', NULL, NULL, 'PICTO-OPG-SO-2024-000014', 'SO NO. 40', 'Extended until April 25, 2025', 'MS. GENELEN B. NISPEROS, SAO', NULL, NULL, NULL, NULL, NULL, NULL, NULL, 'SO', 'INCOMING', 1, NULL, 1, 1, 'Extension of Designation as OIC-Assistant Provincial Budget Officer', 'for dissemination', 'ASS', '2024-05-02', 'ONGOING', 'for dissemination', NULL, 0, 1, '2026-03-12 01:31:45', '2026-03-12 01:31:45'),
	(86, '2024HODYJTVFEKED', NULL, NULL, 'PICTO-OPG-SO-2024-000015', 'SO No. 43', NULL, NULL, NULL, NULL, NULL, NULL, NULL, NULL, NULL, 'SO', 'INCOMING', 1, NULL, 1, 1, 'Designation as Customer Feedback, Citizen\'s Charter, ISO and Department DCC', 'for dissemination', 'ASS', '2024-05-14', 'ONGOING', 'for dissemination', NULL, 0, 1, '2026-03-15 17:27:10', '2026-03-15 17:27:10'),
	(87, '2024VIJLHCNYSOBA', NULL, NULL, 'PICTO-PBO-SO-2024-000001', 'Memo No. 003 S 2024', 'May 22-23', 'Genelen B. Nisperos, SAO, OIC-APBO', NULL, NULL, NULL, NULL, NULL, NULL, NULL, 'SO', 'INCOMING', 14, NULL, 14, 1, 'Designation as Officer-in-Charge of the PBO', NULL, 'ASS', '2024-05-21', 'ONGOING', 'Dissemenate to the team', NULL, 0, 1, '2026-03-15 17:28:58', '2026-03-15 17:28:58'),
	(88, '2024CHOKQUMVWHJQ', NULL, NULL, 'PICTO-PGENRO-SO-2024-000003', 'Memorandum No. 005-2024', 'May 27 to 30, 2024', 'EnP. Shereal M. Catbagan, Supervising Environmental Management Specialist', NULL, NULL, NULL, NULL, NULL, NULL, NULL, 'SO', 'INCOMING', 6, NULL, 6, 1, 'Designation as Officer-in-Charge of the PGENRO', 'for dissemination', 'ASS', '2024-05-22', 'ONGOING', 'for dissemination to the team', NULL, 0, 1, '2026-03-15 17:30:21', '2026-03-15 17:30:21'),
	(89, '2024DVWSEBISYYPT', NULL, NULL, 'PICTO-OPAG-SO-2024-000001', 'SO No. 48', NULL, 'Ms. Sharon Viloria', NULL, NULL, NULL, NULL, NULL, NULL, NULL, 'SO', 'INCOMING', 11, NULL, 11, 1, 'Designatiom as Officer-in-charge of OPAG', 'for dissemination', 'ASS', '2024-05-27', 'ONGOING', 'for dissemination to the team let them affix their initials', NULL, 0, 1, '2026-03-15 17:31:23', '2026-03-15 17:31:23'),
	(90, '2024SRSBFTWPMVUP', NULL, NULL, 'PICTO-LEEIPO-SO-2024-000001', 'Memo No. 001-2024', 'June 3-7, 2024', 'Ms. Maria Jenina D. Parlan', NULL, NULL, NULL, NULL, NULL, NULL, NULL, 'SO', 'INCOMING', 12, NULL, 12, 1, 'Designation as Officer-in-Charge', 'for dissemination', 'ASS', '2024-06-03', 'ONGOING', NULL, NULL, 0, 1, '2026-03-15 17:32:51', '2026-03-15 17:32:51'),
	(91, '2024WEFRVTVTMNPY', NULL, NULL, 'PICTO-PPDC-SO-2024-000001', 'SO NO. 11', 'june 6-7, 2024', 'ENP Glo ann Miranda', NULL, NULL, NULL, NULL, NULL, NULL, NULL, 'SO', 'INCOMING', 13, NULL, 13, 1, 'Designation as Officer-in-charge', 'for dissemination', 'ASS', '2024-06-03', 'ONGOING', 'for dissemination to the team. Let our members affix their initials', NULL, 0, 1, '2026-03-15 17:34:13', '2026-03-15 17:34:13'),
	(92, '2024AGRHDKOSMMWK', NULL, NULL, 'PICTO-LUPTO-SO-2024-000002', 'OFFICE ORDER NO. 2', 'June 8-12, 2024', 'Hanzel D. Guerrero, Jr', NULL, NULL, NULL, NULL, NULL, NULL, NULL, 'SO', 'INCOMING', 8, NULL, 8, 1, 'Designation as Officer-In-charge', 'for dissemination', 'ass', '2024-06-05', 'ONGOING', 'for dissemination to the team', NULL, 0, 1, '2026-03-15 17:35:31', '2026-03-15 17:35:31'),
	(93, '2024HFZPFJULJIUX', NULL, NULL, 'PICTO-OPAG-SO-2024-000002', 'Office Order No. 11', 'June 13, June 19 to 21, 2024', 'Abigael B. Sibayan, Supervising Administrative Officer', NULL, NULL, NULL, NULL, NULL, NULL, NULL, 'SO', 'INCOMING', 11, NULL, 11, 1, 'Designation as In-Charge of Office', 'for dissemination', 'ASS', '2024-06-19', 'ONGOING', 'for dissemination', NULL, 0, 1, '2026-03-15 17:36:57', '2026-03-15 17:36:57'),
	(94, '2024LRTEFWSJKFUE', NULL, NULL, 'PICTO-PBO-SO-2024-000002', 'Memo No. 004', 'June 20 to 21, 2024', 'Genelen B. Nisperos, SAO, OIC-APBO', NULL, NULL, NULL, NULL, NULL, NULL, NULL, 'SO', 'INCOMING', 14, NULL, 14, 1, 'Designation as Office-in-charge of PBO', 'for dissemination', 'ASS', '2024-06-19', 'ONGOING', 'Kindly disseminate to the team', NULL, 0, 1, '2026-03-15 17:38:06', '2026-03-15 17:38:06'),
	(95, '2024HKRLMSMPGXCZ', NULL, NULL, 'PICTO-OPG-SO-2024-000016', 'Letter', 'June 21 to 28, 2024', 'Hon. Mario Eduardo C. Ortega, MDA', NULL, NULL, NULL, NULL, NULL, NULL, NULL, 'SO', 'INCOMING', 1, NULL, 1, 1, 'Designation as Acting Governor', 'for dissemination', 'ASS', '2024-06-24', 'ONGOING', 'for dissemination to the team. Let our members affix their initials', NULL, 1, 1, '2026-03-15 17:39:47', '2026-03-15 17:39:47'),
	(96, '2024EOQEBVFJPPOP', NULL, NULL, 'PICTO-PHO-SO-2024-000001', 'Memo No. 55', 'June 25 to 28, 2024', 'Dan William Y. Dacanay II, RN, MD, DFM', NULL, NULL, NULL, NULL, NULL, NULL, NULL, 'SO', 'INCOMING', 43, NULL, 43, 1, 'Designation as OIC of the PHO', 'for dissemination', 'ASS', '2024-06-26', 'ONGOING', 'for dissemination', NULL, 1, 1, '2026-03-15 17:42:36', '2026-03-15 17:42:36'),
	(97, '2024EVBDUTCRGFLL', NULL, NULL, 'PICTO-OPG-SO-2024-000017', 'SO 61', 'Take effect July 1, 2024', 'Dr. Jennifer C. Gamiao', NULL, NULL, NULL, NULL, NULL, NULL, NULL, 'SO', 'INCOMING', 1, NULL, 1, 1, 'Designation as OIC of Bacnotan District Hospital', 'for dissemination', 'ASS', '2024-06-28', 'ONGOING', 'for dissemination', NULL, 0, 1, '2026-03-15 17:44:16', '2026-03-15 17:44:16'),
	(98, '2024LWQORHBSEEQW', NULL, NULL, 'PICTO-OPG-SO-2024-000018', 'Special Order No. 65', 'effective from July1-5 or during the scheduled leave of absence of the Provincial Adm.', 'Engr. Robert L. Lelina', NULL, NULL, NULL, NULL, NULL, NULL, NULL, 'SO', 'INCOMING', 1, NULL, 1, 1, 'Signing Authority', 'for dissemination', 'ASS', '2024-07-03', 'ONGOING', 'for dissemination to the team', NULL, 0, 1, '2026-03-15 17:50:38', '2026-03-15 17:50:38'),
	(99, '2024EGTCCVHDOTWQ', NULL, NULL, 'PICTO-PPDC-SO-2024-000002', 'Special Order No. 12', 'July 15-16, 2024', 'Ms. Norcelie R. Jucutan, Statistician IV', NULL, NULL, NULL, NULL, NULL, NULL, NULL, 'SO', 'INCOMING', 13, NULL, 13, 1, 'Designation as Officer-in-Charge', 'for dissemination', 'ASS', '2024-07-05', 'ONGOING', 'for dissemination', NULL, 0, 1, '2026-03-15 18:01:23', '2026-03-15 18:01:23'),
	(100, '2024BFVVRSRVUIGR', NULL, NULL, 'PICTO-PPDC-SO-2024-000003', 'Special Order No. 13', 'July 17-19, 2024', 'ENP. Glo Ann B. Miranda, OIC-Monitoring and Evaluation Unit Head', NULL, NULL, NULL, NULL, NULL, NULL, NULL, 'SO', 'INCOMING', 13, NULL, 13, 1, 'Designation as Officer-in-Charge', 'for dissemination', 'ASS', '2024-07-05', 'ONGOING', 'for dissemination', NULL, 0, 1, '2026-03-15 18:02:29', '2026-03-15 18:02:29'),
	(101, '2024UYFKYPCLIUMI', NULL, NULL, 'PICTO-PGENRO-SO-2024-000004', 'Memo No. 11', 'July 10-13, 2024', 'Forester Raquel B. Orpilla', NULL, NULL, NULL, NULL, NULL, NULL, NULL, 'SO', 'INCOMING', 6, NULL, 6, 1, 'Designation as Officer-in-Charge', 'for dissemination', 'ASS', '2024-07-05', 'ONGOING', 'for dissemination to the team', NULL, 0, 1, '2026-03-15 18:08:02', '2026-03-15 18:08:02'),
	(102, '2024ARZOSUUSURUO', NULL, NULL, 'PICTO-PHO-SO-2024-000002', 'Memo No. 61', '7/10/2024', 'Dan William Y. Dacanay II, RN, MD, DFM', NULL, NULL, NULL, NULL, NULL, NULL, NULL, 'SO', 'INCOMING', 43, NULL, 43, 1, 'Designation as Officer-in-Charge', 'for dissemination', 'ASS', '2024-07-10', 'ONGOING', NULL, NULL, 0, 1, '2026-03-15 18:09:25', '2026-03-15 18:09:25'),
	(103, '2024LRAACOLOIDTZ', NULL, NULL, 'PICTO-LUPTO-SO-2024-000003', 'Office Order No. 3', 'July 18-22, 2024', 'Gabriel M. Mendoza', NULL, NULL, NULL, NULL, NULL, NULL, NULL, 'SO', 'INCOMING', 8, NULL, 8, 1, 'Designation as Officer-in-Charge', 'for dissemination', NULL, '2024-07-18', 'ONGOING', 'for dissemination', NULL, 0, 1, '2026-03-15 18:38:40', '2026-03-15 18:38:40'),
	(104, '2024ETMVWDOJXFPU', NULL, NULL, 'PICTO-OPG-SO-2024-000019', 'Memorandum', 'July 18-19, 2024', 'EnP.Shereal M. Catbagan, Supervising Environmental Management Specialist', NULL, NULL, NULL, NULL, NULL, NULL, NULL, 'SO', 'INCOMING', 1, NULL, 1, 1, 'Designation as Officer-in-Charge', 'for dissemination', 'ASS', '2024-07-18', 'ONGOING', NULL, NULL, 0, 1, '2026-03-15 18:39:59', '2026-03-15 18:39:59'),
	(105, '2024EAZUYTCEBVMI', NULL, NULL, 'PICTO-PTO-SO-2024-000002', 'Office Order No. 20-2024', 'July 23-26, 2024', 'Marzel L. Hufana, LTOO III, Acting TRO Unit Head', NULL, NULL, NULL, NULL, NULL, NULL, NULL, 'SO', 'INCOMING', 10, NULL, 10, 1, 'Designation as Officer-in-Charge', 'for dissemination', 'ASS', '2024-07-23', 'ONGOING', NULL, NULL, 0, 1, '2026-03-15 18:40:51', '2026-03-15 18:40:51'),
	(106, '2024OCQYEWPDTOSN', NULL, NULL, 'PICTO-PEO-SO-2024-000002', 'Memorandum', 'July 26 to 30, 2024', 'Engr. Frederick I. Atijera, Engineer IV', NULL, NULL, NULL, NULL, NULL, NULL, NULL, 'SO', 'INCOMING', 15, NULL, 15, 1, 'Designation as Officer-in-Charge', 'for dissemination', 'ASS', '2024-07-23', 'ONGOING', NULL, NULL, 0, 1, '2026-03-15 18:42:18', '2026-03-15 18:42:18'),
	(107, '2024TUEHDNBMASOF', NULL, NULL, 'PICTO-OPA-SO-2024-000002', 'Special Order No. 71', 'until Provincial Administrator is appointed', 'Engr. Robert Lelina', NULL, NULL, NULL, NULL, NULL, NULL, NULL, 'SO', 'INCOMING', 2, NULL, 2, 1, 'Designation as the Representative of the Office of the Provincial Administrator in Committees and Special Bodies', 'for dissemination', 'ASS', '2024-08-05', 'ONGOING', NULL, NULL, 0, 1, '2026-03-15 18:43:14', '2026-03-15 18:43:14'),
	(108, '2024SZMHRVSAJGSX', NULL, NULL, 'PICTO-PHO-SO-2024-000003', 'Memorandum No. 78', 'August 13-16, 2024', 'Dan William Y. Dacanay II, RN, MD, DFM', NULL, NULL, NULL, NULL, NULL, NULL, NULL, 'SO', 'INCOMING', 43, NULL, 43, 1, 'Designation as Officer-in-Charge', 'for dissemination', NULL, '2024-08-15', 'ONGOING', NULL, NULL, 0, 1, '2026-03-15 18:44:20', '2026-03-15 18:44:20'),
	(109, '2024YAMORWFKAXQK', NULL, NULL, 'PICTO-PGENRO-SO-2024-000005', 'Memorandum No. 14', 'August 12-17, 2024', 'EnP Shereal M. Catbagan', NULL, NULL, NULL, NULL, NULL, NULL, NULL, 'SO', 'INCOMING', 6, NULL, 6, 1, 'Designation as Officer-in-Charge', 'for dissemination', 'ASS', '2024-08-15', 'ONGOING', NULL, NULL, 0, 1, '2026-03-15 18:45:52', '2026-03-15 18:45:52'),
	(110, '2024JKPMKKARNMXC', NULL, NULL, 'PICTO-OPG-SO-2024-000020', 'Memorandum No. 302', 'REVOKED effective IMMEDIATELY', 'Margie G. Casilla, Administrative Assistant II', NULL, NULL, NULL, NULL, NULL, NULL, NULL, 'SO', 'INCOMING', 1, NULL, 1, 1, 'Revocation of Special Order No. 64', NULL, 'ASS', '2024-08-15', 'ONGOING', NULL, NULL, 0, 1, '2026-03-15 18:46:48', '2026-03-15 18:46:48'),
	(111, '2024MFCTDLXFDJKU', NULL, NULL, 'PICTO-PGSO-SO-2024-000003', 'Office Order No. 14', 'August 9 to 21, 2024', 'Ms. Rio G. Rios, Administrative Officer V', NULL, NULL, NULL, NULL, NULL, NULL, NULL, 'SO', 'INCOMING', 7, NULL, 7, 1, 'Designation as Officer-in-Charge', 'for dissemination', NULL, '2024-08-15', 'ONGOING', 'for dissemination to the team. Initials', NULL, 0, 1, '2026-03-15 18:47:41', '2026-03-15 18:47:41'),
	(112, '2024WBFLFLSWXSEN', NULL, NULL, 'PICTO-PICTO-SO-2024-000001', 'Special Order No. 75', 'effective immediately', 'May Joy Martinez, Laborer I', NULL, NULL, NULL, NULL, NULL, NULL, NULL, 'SO', 'INCOMING', 3, NULL, 3, 1, 'Reassignment to the PHO', 'for filing', 'ASS', '2024-08-21', 'ONGOING', NULL, NULL, 0, 1, '2026-03-15 18:49:00', '2026-03-15 18:49:00'),
	(113, '2024OSADRMSWEVGI', NULL, NULL, 'PICTO-HR-SO-2024-000001', 'Special Order No. 83', NULL, 'Mr. Mark Joseph A. Patacsil, Data Controller I', NULL, NULL, NULL, NULL, NULL, NULL, NULL, 'SO', 'INCOMING', 44, NULL, 44, 1, 'Entitlement to Magna Carta benefit', NULL, 'ASS', '2024-09-05', 'ONGOING', NULL, NULL, 0, 1, '2026-03-15 18:50:59', '2026-03-15 18:50:59'),
	(114, '2024OOGLJNJOHVHD', NULL, NULL, 'PICTO-HR-SO-2024-000002', 'Special Order No. 84', NULL, 'Ms. Cherrylyn R. Picardal, Admin Aide III', NULL, NULL, NULL, NULL, NULL, NULL, NULL, 'SO', 'INCOMING', 44, NULL, 44, 1, 'Entitlement to Magna Carta benefit', NULL, 'ASS', '2024-09-05', 'ONGOING', NULL, NULL, 0, 1, '2026-03-15 18:51:44', '2026-03-15 18:51:44'),
	(115, '2024XRXJUTTZBGJP', NULL, NULL, 'PICTO-PEO-SO-2024-000003', 'Memorandum', 'take effect immediately', 'Mr. Joe Brian A. Antonio', NULL, NULL, NULL, NULL, NULL, NULL, NULL, 'SO', 'INCOMING', 15, NULL, 15, 1, 'Designation as In-Charge of the Road Maintenance Section', NULL, 'ASS', '2024-09-06', 'ONGOING', 'for dissemination', NULL, 1, 1, '2026-03-15 18:52:47', '2026-03-15 18:52:47'),
	(116, '2024KPZWZWEHOSMV', NULL, NULL, 'PICTO-LUPTO-SO-2024-000004', 'Office Order No. 4', 'Sept. 5-9, 2024', 'Gabriel M. Mendoza', NULL, NULL, NULL, NULL, NULL, NULL, NULL, 'SO', 'INCOMING', 8, NULL, 8, 1, 'Designation as Officer-In-Charge', NULL, 'ASS', '2024-09-06', 'ONGOING', 'for dissemination', NULL, 1, 1, '2026-03-15 18:53:48', '2026-03-15 18:53:48'),
	(117, '2024ZWQMTTGHUZKM', NULL, NULL, 'PICTO-LEEIPO-SO-2024-000002', 'Memo No. 002', 'Sept 20-26, 2024', 'Maria Jenina Parlan', NULL, NULL, NULL, NULL, NULL, NULL, NULL, 'SO', 'INCOMING', 12, NULL, 12, 1, 'Designation as Officer-in-charge', NULL, 'ASS', '2024-09-18', 'ONGOING', 'for dissemination', NULL, 0, 1, '2026-03-15 18:54:55', '2026-03-15 18:54:55'),
	(118, '2024CMJHZJMTAYMC', NULL, NULL, 'PICTO-OPG-SO-2024-000021', 'Special Order No. 89, S. 2024', NULL, 'Engr. Lelina(Chairperson) CFranco, Atty. APadilla, JManabat, EnP MLDelfinado, Atty. DJPuzon, JFlores, MTFeraren,ZAspiras,GDBinas-o(Member)', NULL, NULL, NULL, NULL, NULL, NULL, NULL, 'SO', 'INCOMING', 1, NULL, 1, 1, 'Amendment to AO No.77 , S 2024 Designation of the TWG Members of the Incentive Program on Customer Feedback Implementation', NULL, 'Admin, for filing and future references', '2024-09-23', 'ONGOING', 'Admin, for filing and future references', NULL, 0, 1, '2026-03-15 18:56:00', '2026-03-15 18:56:23'),
	(119, '2024RZKFCBSFIGZK', NULL, NULL, 'PICTO-ENRO-SO-2024-000001', 'Memo 18 S.2024', 'Sept 26-27, 2024', 'EnP Shereal M. Catbagan', NULL, NULL, NULL, NULL, NULL, NULL, NULL, 'SO', 'INCOMING', 45, NULL, 45, 1, 'Designation as Officer-in-Charge', NULL, 'ASS', '2024-09-26', 'ONGOING', NULL, NULL, 0, 1, '2026-03-15 18:58:17', '2026-03-15 18:58:17'),
	(120, '2024JAYSPKNZJQPU', NULL, NULL, 'PICTO-OPG-SO-2024-000022', 'Special Order No. 92', 'Immediately', 'Dr. Dan William Y. Dacanay II', NULL, NULL, NULL, NULL, NULL, NULL, NULL, 'SO', 'INCOMING', 1, NULL, 1, 1, 'Renewal of Designation as officer-in-charge of the PHO', NULL, 'ASS', '2024-10-03', 'ONGOING', 'for dissemination', NULL, 0, 1, '2026-03-15 18:59:06', '2026-03-15 18:59:06'),
	(121, '2024SPMJBJXYLFRB', NULL, NULL, 'PICTO-OPG-SO-2024-000023', 'Special Order No. 94', NULL, 'Mr. Alvin A.Cruz', NULL, NULL, NULL, NULL, NULL, NULL, NULL, 'SO', 'INCOMING', 1, NULL, 1, 1, 'Designation as OIC - Provincial Government Department Head (Provincial Disaster Risk Reduction and Management Officer)', 'Immediately', 'ASS', '2024-10-08', 'ONGOING', 'for dissemination', NULL, 0, 1, '2026-03-15 19:00:22', '2026-03-15 19:00:22'),
	(122, '2024VLFUBRKHFTRB', NULL, NULL, 'PICTO-LUPTO-SO-2024-000005', 'Office Order No. 5 S.2024', 'October 9-12, 2024', 'Hanzel D. Guerrero, Jr', NULL, NULL, NULL, NULL, NULL, NULL, NULL, 'SO', 'INCOMING', 8, NULL, 8, 1, 'Designation as Officer in Charge of the LUPTO', NULL, 'ASS', '2024-10-08', 'ONGOING', 'for dissemination', NULL, 0, 1, '2026-03-15 19:01:21', '2026-03-15 19:01:21'),
	(123, '2024FZRLJQXQUDJX', NULL, NULL, 'PICTO-PGENRO-SO-2024-000006', 'Memo No. 21 s. 2024', 'October 16-21, 2024', 'Raquel B. Orpilla, SEMS', NULL, NULL, NULL, NULL, NULL, NULL, NULL, 'SO', 'INCOMING', 6, NULL, 6, 1, 'Designation as Officer-in-Charge', NULL, 'ASS', '2024-10-16', 'ONGOING', 'for dissemination to the team', NULL, 1, 1, '2026-03-15 19:02:46', '2026-03-15 19:04:12'),
	(124, '2024SUSDWIKLUODD', NULL, NULL, 'PICTO-OPAG-SO-2024-000003', 'Office Order No. 033 S. 2024', 'October, November and December 2024', 'Abigael B. Sibayan, Supervising Administrative Officer alternate JP Roma D. Duque, JP Roma Duque Planning Officer IV alternate Gemma N. Macusi and Gemma N. Macusi, Community Affairs Officer IV aternate Abigael B. Sibayan', NULL, NULL, NULL, NULL, NULL, NULL, NULL, 'SO', 'INCOMING', 11, NULL, 11, 1, 'Designation as in charge of office of OPAG', NULL, 'ASS', '2024-10-29', 'ONGOING', NULL, NULL, 0, 1, '2026-03-15 19:03:37', '2026-03-15 19:03:37'),
	(125, '2024AAYFBROBRMDY', NULL, NULL, 'PICTO-PPDO-SO-2024-000002', 'Special Order No. 107', NULL, 'Atty. Ruby Jean N. Balanon, Assistant OPPDC', NULL, NULL, NULL, NULL, NULL, NULL, NULL, 'SO', 'INCOMING', 42, NULL, 42, 1, 'Designation as Acting Provincial Planning and Development Coordinator', NULL, 'ASS', '2024-11-07', 'ONGOING', 'For dissemination. all concerned will be addressed to the named mentioned above', NULL, 0, 1, '2026-03-15 19:08:18', '2026-03-15 19:08:18'),
	(126, '2024VSBVMOQCWNIS', NULL, NULL, 'PICTO-OPG-SO-2024-000024', NULL, NULL, 'Enp Michaela Louise Delfinado ,OPPDO, NOrcelie Jucutan,', NULL, NULL, NULL, NULL, NULL, NULL, NULL, 'SO', 'INCOMING', 1, NULL, 1, 1, 'Designation as Focal Person and Alternate of the Provision of Local-Level Data for the Compilation of Provincial Product accounts', NULL, 'ASS', '2024-11-07', 'ONGOING', 'For dissemination and reference', NULL, 0, 1, '2026-03-15 19:09:11', '2026-03-15 19:11:06'),
	(127, '2005BHZYPBFJXEPB', NULL, NULL, 'PICTO-PEO-SO-2005-000001', 'MEMO.RANDUM', 'December 20-31, 2024', 'Engr. Emille Martinez', NULL, NULL, NULL, NULL, NULL, NULL, NULL, 'SO', 'INCOMING', 15, NULL, 15, 1, 'Designation as Officer-in-charge', NULL, 'ASS', '2005-12-23', 'ONGOING', 'For dissemination for the team', NULL, 0, 1, '2026-03-15 19:10:31', '2026-03-15 19:10:31'),
	(128, '2025METGKJNVEONR', NULL, NULL, 'PICTO-OPG-SO-2025-000002', 'Special Order No. 123', 'Effective December 26, 2024 until revoved or upon appointment of a permanent Chief of Hospital (COH)', NULL, NULL, NULL, NULL, NULL, NULL, NULL, NULL, 'SO', 'INCOMING', 1, NULL, 1, 1, 'Designation as OIC of Caba District Hospital', 'for dissemination', 'ASS', '2025-01-08', 'ONGOING', 'Admin for dissemination let the team affix their initials', 'https://drive.google.com/file/d/1tlNfARMfdgSWFV3qx9ND1GWFE6Uiq7hu/view?usp=sharing', 0, 1, '2026-03-15 19:13:12', '2026-03-15 19:13:12'),
	(129, '2025DMGMEDECANEM', NULL, NULL, 'PICTO-OPG-SO-2025-000003', 'Special Order No. 1', 'Renewed and shall expire on June 30, 2025', NULL, NULL, NULL, NULL, NULL, NULL, NULL, NULL, 'SO', 'INCOMING', 1, NULL, 1, 1, 'Engr. Robert Lelina, Renewal of Reassignment and Designation as Acting Assistant Provincial Administrator', 'for dissemination', 'ASS', '2025-01-10', 'ONGOING', NULL, 'https://drive.google.com/file/d/1xdvYKlCN-baWWHg09Gojkd8yOzJ2Q3ka/view?usp=sharing', 0, 1, '2026-03-15 19:14:37', '2026-03-15 19:14:37'),
	(130, '2025DEDFUWWHFEJF', NULL, NULL, 'PICTO-PPDC-SO-2025-000001', 'Special Order No. 1', 'January 10-13, 2025', 'Atty Ruby Jean Balanon', NULL, NULL, NULL, NULL, NULL, NULL, NULL, 'SO', 'INCOMING', 13, NULL, 13, 1, 'Designation as OIC of OPPDC', 'for dissemination', 'ASS', '2025-01-13', 'ONGOING', 'Admin for dissemination let the team affix their initials', 'https://drive.google.com/file/d/1ADGWK3eoEiQUS2zie2_lnDw1wrVXLHMc/view?usp=sharing', 0, 1, '2026-03-15 19:17:54', '2026-03-15 19:17:54'),
	(131, '2025OLMTQPBPNEGQ', NULL, NULL, 'PICTO-PGENRO-SO-2025-000001', 'Office Order No. 1', 'upon return to official station', 'Forester Raquel B. Orpilla', NULL, NULL, NULL, NULL, NULL, NULL, NULL, 'SO', 'INCOMING', 6, NULL, 6, 1, 'Designation as Officer in Charge', 'for dissemination', 'ASS', '2025-02-10', 'ONGOING', 'Admin for dissemination let our team affix their initials as a proof that they have read this', 'https://drive.google.com/file/d/1FH1HKNzvr6FeCpuBE2BbJgaIhZfHvmBj/view?usp=sharing', 0, 1, '2026-03-15 19:20:03', '2026-03-15 19:20:03'),
	(132, '2025AXFVCBYEUAWA', NULL, NULL, 'PICTO-PGENRO-SO-2025-000002', 'Office Order No. 3', 'upon return to official station', 'Enp Shereal M. Catbagan', NULL, NULL, NULL, NULL, NULL, NULL, NULL, 'SO', 'INCOMING', 6, NULL, 6, 1, 'Designation as Officer in Charge', 'for dissemination', 'ASS', '2025-02-13', 'ONGOING', 'admin, for dissemination', 'https://drive.google.com/file/d/1G0rhFnV723kDeKzNBMZx8rPXOtK8uQBE/view?usp=sharing', 0, 1, '2026-03-15 19:22:04', '2026-03-15 19:22:04'),
	(133, '2025GHYTQYZSISDF', NULL, NULL, 'PICTO-OPAss-SO-2025-000001', 'Office Order No. 3', NULL, 'Mr. Arnulfo E. Gurtiza et al...', NULL, NULL, NULL, NULL, NULL, NULL, NULL, 'SO', 'INCOMING', 16, NULL, 16, 1, 'Designation as Focal Person in the Management of Office Supplies and Equipmentr', 'for dissemination', 'ASS', '2025-02-14', 'ONGOING', NULL, NULL, 0, 1, '2026-03-15 19:23:26', '2026-03-15 19:23:26'),
	(134, '2025ZPXNPPXIDMOQ', NULL, NULL, 'PICTO-PGENRO-SO-2025-000003', 'Office Order No. 04', 'Feb. 18-20, 2025', 'Forester Raquel Orpilla', NULL, NULL, NULL, NULL, NULL, NULL, NULL, 'SO', 'INCOMING', 6, NULL, 6, 1, 'Designation as Officer-in-charge', 'for dissemination', 'ASS', '2025-02-19', 'ONGOING', 'Admin, Please route. Let them affix their initials', 'https://drive.google.com/file/d/1-JUXR2v85GtEVQRgEe-EIXf1J0MLeY5o/view?usp=sharing', 0, 1, '2026-03-15 19:24:56', '2026-03-15 19:24:56'),
	(135, '2025EDYEWOBBFLEV', NULL, NULL, 'PICTO-PPDO-SO-2025-000001', 'SO No. 02', 'Feb. 14 and 18, 2025', 'Atty Ruby Jean Balanon', NULL, NULL, NULL, NULL, NULL, NULL, NULL, 'SO', 'INCOMING', 42, NULL, 42, 1, 'Designation as Officer-in-charge', 'for dissemination', 'ASS', '2025-02-19', 'ONGOING', 'Admin, Please route all comms shall be addressed to the OIC on the said date', 'https://drive.google.com/file/d/1jS7Iz0H1RiCXKroGfe4Egrt39tVRmMLR/view?usp=sharing', 0, 1, '2026-03-15 19:26:58', '2026-03-15 19:26:58'),
	(136, '2025UVRUXNGYJWPA', NULL, NULL, 'PICTO-PEO-SO-2025-000001', NULL, 'Feb. 20-23, 2025', 'Engr. Michael Manzano', NULL, NULL, NULL, NULL, NULL, NULL, NULL, 'SO', 'INCOMING', 15, NULL, 15, 1, 'Designation as Officer-in-charge', 'for dissemination', 'ASS', '2025-02-19', 'ONGOING', 'Admin, Please route', 'https://drive.google.com/file/d/12efib2k9v0ktiZ5G2jQ_9wtrlcE851dz/view?usp=sharing', 0, 1, '2026-03-15 19:28:08', '2026-03-15 19:28:08'),
	(137, '2025BGNPGLXGNNNP', NULL, NULL, 'PICTO-PHO-SO-2025-000001', 'Office Order No. 02', NULL, 'Lhyrvie T. Gabriel', NULL, NULL, NULL, NULL, NULL, NULL, NULL, 'SO', 'INCOMING', 43, NULL, 43, 1, 'Designation as Concurrent Records Officer', 'for dissemination', 'ASS', '2025-03-04', 'ONGOING', 'Admin for dissemination', 'https://drive.google.com/file/d/1r1ER3_awVP_fzxhswEBKxprpc6X4hm9H/view?usp=sharing', 0, 1, '2026-03-15 19:29:26', '2026-03-15 19:29:26'),
	(138, '2025QMEBDKBEXGHH', NULL, NULL, 'PICTO-PGENRO-SO-2025-000004', 'SO No. 03', 'March 10-15, 2025', 'Forester Raquel Orpilla', NULL, NULL, NULL, NULL, NULL, NULL, NULL, 'SO', 'INCOMING', 6, NULL, 6, 1, 'Designation as Officer-in-charge', 'for dissemination', 'ASS', '2025-03-10', 'ONGOING', 'Admin for dissemination', 'https://drive.google.com/file/d/1UGoQzmGhAEd3YFVbWOz0wo333bJRv18V/view?usp=sharing', 0, 1, '2026-03-15 19:30:28', '2026-03-15 19:30:28'),
	(139, '2025JDKOOQMATKSP', NULL, NULL, 'PICTO-LEEIPO-SO-2025-000001', 'Memo No. 001-2025', 'March 17-21, 2025', 'Ms. Maria Jenina Parlan', NULL, NULL, NULL, NULL, NULL, NULL, NULL, 'SO', 'INCOMING', 12, NULL, 12, 1, 'Designation as OIC', 'for dissemination', 'ASS', '2025-03-17', 'ONGOING', 'for dissemination', 'https://drive.google.com/file/d/1-xTEU9PHDakee9nDbr9ZDfG9IwTj5XOD/view?usp=sharing', 0, 1, '2026-03-15 21:15:17', '2026-03-15 21:15:17'),
	(140, '2025NCJCXCAOPPCO', NULL, NULL, 'PICTO-PTO-SO-2025-000001', 'Memo No. 02-2025', 'March 24-28, 2025', 'Ms. Clarinda Vidamo', NULL, NULL, NULL, NULL, NULL, NULL, NULL, 'SO', 'INCOMING', 10, NULL, 10, 1, 'Designation as Officer-in-charge', 'for dissemination', 'ASS', '2025-03-24', 'ONGOING', NULL, 'https://drive.google.com/file/d/1yNr-ASxTT5czQZPxUZ1d927frqppX7Of/view?usp=sharing', 0, 1, '2026-03-15 21:16:42', '2026-03-15 21:16:42'),
	(141, '2025DOUVEJUMWUID', NULL, NULL, 'PICTO-PHO-SO-2025-000002', 'Memo No. 19', 'Match 26-28, 2025', 'Dan William Dacanay II', NULL, NULL, NULL, NULL, NULL, NULL, NULL, 'SO', 'INCOMING', 43, NULL, 43, 1, 'Designation as Officer-in-charge', 'for dissemination', 'ASS', '2025-03-26', 'ONGOING', 'Admin, for dissemination', 'https://drive.google.com/file/d/1FDPdrd2nE-ZpqVeyxsuVZezcBR5Ac3Dz/view?usp=sharing', 0, 1, '2026-03-15 21:31:21', '2026-03-15 21:31:21'),
	(142, '2025SXMSFTMAPKHA', NULL, NULL, 'PICTO-PGENRO-SO-2025-000005', 'SO No. 06-25', NULL, 'EnP. Shereal Catbagan', NULL, NULL, NULL, NULL, NULL, NULL, NULL, 'SO', 'INCOMING', 6, NULL, 6, 1, 'Designation as Officer-in-charge', 'for dissemination', 'ASS', '2025-05-21', 'ONGOING', 'for dissemination', 'https://drive.google.com/file/d/13B6dyRa1MPNbLHX7xsVgBSR0q8qSkx3s/view?usp=sharing', 0, 1, '2026-03-15 21:33:07', '2026-03-15 21:33:07'),
	(143, '2025MIAXYHQZIPWA', NULL, NULL, 'PICTO-OPG-SO-2025-000004', 'Special Order No. 30', 'June 16 to 30, 2025', 'Engr. Robert Lelina, Renewal of Reassignment and Designation as Acting Assistant Provincial Administrator', NULL, NULL, NULL, NULL, NULL, NULL, NULL, 'SO', 'INCOMING', 1, NULL, 1, 1, 'Application for Leave, CTO, Work Immersion', 'for dissemination', 'ASS', '2025-06-11', 'ONGOING', NULL, 'https://drive.google.com/file/d/1YLotIkHqVvc9n53qpfKLS7sWjz17afr-/view?usp=sharing', 0, 1, '2026-03-15 21:47:46', '2026-03-15 21:47:46'),
	(144, '2025VNJINNOGEOZQ', NULL, NULL, 'PICTO-PEO-SO-2025-000002', 'Memo', 'June 20-23, 2025', 'Engr. Ariel Gamboa', NULL, NULL, NULL, NULL, NULL, NULL, NULL, 'SO', 'INCOMING', 15, NULL, 15, 1, 'Designation as Officer in Cahrge', NULL, 'ASS', '2025-06-19', 'ONGOING', 'for references', 'https://drive.google.com/file/d/1DCU40k-qrSZBMFpOgt7f-YKPCtf6goAB/view?usp=sharing', 0, 1, '2026-03-15 21:49:15', '2026-03-15 21:49:15'),
	(145, '2025QBOOVWDTEUVF', NULL, NULL, 'PICTO-PHO-SO-2025-000003', 'Memo No.42 S2025', 'June 23-26', NULL, NULL, NULL, NULL, NULL, NULL, NULL, NULL, 'SO', 'INCOMING', 43, NULL, 43, 1, 'Designation as Officer in Charge', NULL, 'ASS', '2025-06-23', 'ONGOING', NULL, 'https://drive.google.com/file/d/1bv6jV9AU8mzgKCO2oF2dMgl6QkCjED2z/view?usp=sharing', 0, 1, '2026-03-15 21:50:32', '2026-03-15 21:50:32'),
	(146, '2025HETIHHSXQZTF', NULL, NULL, 'PICTO-OPG-SO-2025-000005', 'Special Order No. 1', 'July 1, 2025 until revoked', 'Dr. Sarah Jane S. Villanueva, DPBR, FPCR, Medical Specialist II (Part-Time)', NULL, NULL, NULL, NULL, NULL, NULL, NULL, 'SO', 'INCOMING', 1, NULL, 1, 1, 'Designation as OIC-LUMC', NULL, 'ASS', '2025-07-02', 'ONGOING', NULL, NULL, 0, 1, '2026-03-15 22:04:59', '2026-03-15 22:04:59'),
	(147, '2025YKPUNNHGRESH', NULL, NULL, 'PICTO-OPG-SO-2025-000006', 'Special Order No. 2', 'July 1, 2025 until revoked', 'Dr. Cinderella P. Florendo, Medical Officer III', NULL, NULL, NULL, NULL, NULL, NULL, NULL, 'SO', 'INCOMING', 1, NULL, 1, 1, 'Designation as OIC-NDH', NULL, 'ASS', '2025-07-02', 'ONGOING', NULL, NULL, 0, 1, '2026-03-15 22:06:06', '2026-03-15 22:06:06'),
	(148, '2025ZUIKOZWYAADB', NULL, NULL, 'PICTO-OPG-SO-2025-000007', 'Special Order No. 3', 'July 1, 2025 until revoked', 'Engr. Robert L. Lelina, Assistant Provincial Department Head', NULL, NULL, NULL, NULL, NULL, NULL, NULL, 'SO', 'INCOMING', 1, NULL, 1, 1, 'Designation as Acting Assistant Provincial Administrator', NULL, 'ASS', '2025-07-02', 'ONGOING', NULL, NULL, 0, 1, '2026-03-15 22:07:37', '2026-03-15 22:07:37'),
	(149, '2025MMIDTPHRLIUE', NULL, NULL, 'PICTO-OPG-SO-2025-000008', 'Special Order No. 8', '7/4/2025', 'David Ken F. Salamanca, LDRRMO III', NULL, NULL, NULL, NULL, NULL, NULL, NULL, 'SO', 'INCOMING', 1, NULL, 1, 1, 'Designation as Officer-in-charge of Provincial Disaster Risk Reduction and Management Office (PDRRMO)', NULL, 'ASS', '2025-07-07', 'ONGOING', 'Admin, for dissemination to the team. as mentioned all comms will be addressed to the OIC', 'https://drive.google.com/file/d/1l1tex3qHOWc6wgQxLQ-LBKlFfLluNvSV/view?usp=sharing', 0, 1, '2026-03-15 22:09:07', '2026-03-15 22:09:07'),
	(150, '2025WWUDNYTHXQYS', NULL, NULL, 'PICTO-OPG-SO-2025-000009', 'Special Order No. 7', 'take effect July 2, 2025 and shall remain in force until revoked', 'Ms. Russel Aleta S. Santiago, EA IV', NULL, NULL, NULL, NULL, NULL, NULL, NULL, 'SO', 'INCOMING', 1, NULL, 1, 1, 'Designation as Member of the Provincial Inspection Committee', NULL, 'ASS', '2025-07-07', 'ONGOING', 'Admin, Take note on the new member of the inspection commitee', 'https://drive.google.com/file/d/1l8RVBReWS815LiZz8s-p7c8fmGDBTP3w/view?usp=sharing', 0, 1, '2026-03-15 22:10:04', '2026-03-15 22:10:04'),
	(151, '2025LGSGJBLARPXO', NULL, NULL, 'PICTO-OPG-SO-2025-000010', 'Special Order No. 6', NULL, 'Winston P. Calip, Security Guard I, OPG-SSU', NULL, NULL, NULL, NULL, NULL, NULL, NULL, 'SO', 'INCOMING', 1, NULL, 1, 1, 'Reassignment to the Office of the Governor and Exemption form Biometrics', NULL, NULL, '2025-07-09', 'ONGOING', NULL, NULL, 0, 1, '2026-03-15 22:11:20', '2026-03-15 22:11:20'),
	(152, '2025OGEWOOYDWWGO', NULL, NULL, 'PICTO-OPG-SO-2025-000011', 'Special Order No. 5', NULL, 'Marcelo J. Otanes, Agricultural Center Chief II OPAG', NULL, NULL, NULL, NULL, NULL, NULL, NULL, 'SO', 'INCOMING', 1, NULL, 1, 1, 'Exemption form wearing PGLU Uniform and Biometric Machine Logs', NULL, 'ASS', '2025-07-09', 'ONGOING', NULL, NULL, 0, 1, '2026-03-15 22:12:21', '2026-03-15 22:12:21'),
	(153, '2025PCEAEYTYWOZH', NULL, NULL, 'PICTO-OPG-SO-2025-000012', 'Special Order No. 4', NULL, 'Ramon B.  Torres PHD, CESE Provincial Administrator', NULL, NULL, NULL, NULL, NULL, NULL, NULL, 'SO', 'INCOMING', 1, NULL, 1, 1, 'Signing and Approving Authority', 'Application for Leave\r\nApplication for CTO under Executive Department\r\nTO within the Province\r\nOJT and Work Immersion', 'ASS', '2025-07-09', 'ONGOING', NULL, NULL, 0, 1, '2026-03-15 22:13:25', '2026-03-15 22:13:25'),
	(154, '2025BEWKBMLWTKCE', NULL, NULL, 'PICTO-OPG-SO-2025-000013', 'Special Order No.27', 'July 28, 2025 until revoked', 'Marc Cristopher R. Ortega,\r\nSpecial Assistant to the Governor', NULL, NULL, NULL, NULL, NULL, NULL, NULL, 'SO', 'INCOMING', 1, NULL, 1, 1, 'Designation as Officer-in-Charge of the LA Union Provincial Jail', NULL, 'ASS', '2025-08-05', 'ONGOING', NULL, 'https://drive.google.com/file/d/1j0dwbGqQD32axnjthph6QqOEYXgVtxuL/view?usp=sharing', 0, 1, '2026-03-15 22:14:38', '2026-03-15 22:14:38'),
	(155, '2025PNRMZHSYZBSC', NULL, NULL, 'PICTO-OPG-SO-2025-000014', 'Special Order No. 59', 'Take effect August 18, 2025 and shall remain in force until revoked', 'Marcelo J. Otanes, Agricultural Center Chief II OPAG', NULL, NULL, NULL, NULL, NULL, NULL, NULL, 'SO', 'INCOMING', 1, NULL, 1, 1, 'Designation as Officer-in-Charge of the Office of the Provincial Agriculturist', NULL, 'ASS', '2025-08-18', 'ONGOING', NULL, NULL, 0, 1, '2026-03-15 22:15:43', '2026-03-15 22:15:43'),
	(156, '2025VGTXJRUWMUAH', NULL, NULL, 'PICTO-OPG-SO-2025-000015', 'Special Order No. 76', 'shall take effect September 1, 2025', 'Engr. Robert L. Lelina, Acting Assistant Provincial Administrator', NULL, NULL, NULL, NULL, NULL, NULL, NULL, 'SO', 'INCOMING', 1, NULL, 1, 1, 'Designation as Officer-in-Charge of the Office of the Provincial General Services Officer', NULL, 'ASS', '2025-09-04', 'ONGOING', NULL, 'https://drive.google.com/file/d/1wcZYE0UnEIwPbgYmYVZMyVAJ9n4Ur_a0/view?usp=sharing', 0, 1, '2026-03-15 22:16:40', '2026-03-15 22:16:40'),
	(157, '2025JPOVSPDBDXJV', NULL, NULL, 'PICTO-PPDC-SO-2025-000002', 'Special Order No. 05', 'September 16-18, 2025', 'Rainier F. De Guzman', NULL, NULL, NULL, NULL, NULL, NULL, NULL, 'SO', 'INCOMING', 13, NULL, 13, 1, 'Designation as Officer-in-charge of OPPDC', NULL, NULL, '2025-09-17', 'ONGOING', 'Admin for dissemination', 'https://drive.google.com/file/d/1awPL1Eo4cZXUcjirVXxlrOlnzgsJs0SW/view?usp=sharing', 1, 1, '2026-03-15 22:17:41', '2026-03-15 22:17:41'),
	(158, '2025APPOWGTSXPLO', NULL, NULL, 'PICTO-OPACC-SO-2025-000001', 'Special Order No. 09-01 S2025', NULL, 'Ms. Dolores R. Villete, CPA', NULL, NULL, NULL, NULL, NULL, NULL, NULL, 'SO', 'INCOMING', 41, NULL, 41, 1, 'Designation as Officer-in-charge of OPAcc', NULL, NULL, '2025-10-01', 'ONGOING', NULL, 'https://drive.google.com/file/d/1i8qIuotRw6XRE1JGb9YqQZ6sWF0kNDtk/view?usp=sharing', 0, 1, '2026-03-15 22:18:55', '2026-03-15 22:18:55'),
	(159, '2025NZJLLXRHZFVL', NULL, NULL, 'PICTO-PTO-SO-2025-000002', 'Memorandum, No. 10-2025', 'Oct 1-3, 2025', 'Anna May N. Saquing', NULL, NULL, NULL, NULL, NULL, NULL, NULL, 'SO', 'INCOMING', 10, NULL, 10, 1, 'Designation as Officer-in-charge of PTO', NULL, NULL, '2025-10-01', 'ONGOING', NULL, 'https://drive.google.com/file/d/1y4OLdGGf8hPzaOJ9bE9PQhoMTIOs49E-/view?usp=sharing', 0, 1, '2026-03-15 22:20:09', '2026-03-15 22:20:09'),
	(160, '2025GYWXNUNUFMGW', NULL, NULL, 'PICTO-OPAG-SO-2025-000001', 'Special Order No 01', 'Oct 1-3, 2025', 'Ms. Myrna C Gacutan', NULL, NULL, NULL, NULL, NULL, NULL, NULL, 'SO', 'INCOMING', 11, NULL, 11, 1, 'Designation as Officer-in-charge of OPAg', NULL, NULL, '2025-10-01', 'ONGOING', NULL, 'https://drive.google.com/file/d/1zql89uuUJWQQ34y4KeDzAA1jmtg5dC-y/view?usp=sharing', 0, 1, '2026-03-15 22:21:19', '2026-03-15 22:21:19'),
	(161, '2025SLWMZPTADEHW', NULL, NULL, 'PICTO-PBO-SO-2025-000001', 'PBO Memorandum No. 003', 'Oct 1-3, 2025', 'Alvin Angelo D. Estal', NULL, NULL, NULL, NULL, NULL, NULL, NULL, 'SO', 'INCOMING', 14, NULL, 14, 1, 'Designation as Officer-in-charge of PBO', NULL, NULL, '2025-10-01', 'ONGOING', NULL, 'https://drive.google.com/file/d/1-AZTR2RBWOGmKLeTLcS3pWGrDabSXehF/view?usp=sharing', 0, 1, '2026-03-15 22:22:13', '2026-03-15 22:22:13'),
	(162, '2025OETMHZOVRJNT', NULL, NULL, 'PICTO-OPG-SO-2025-000016', 'Special Order', 'Oct. 1-3, 2025', 'All Concerned Personnel', NULL, NULL, NULL, NULL, NULL, NULL, NULL, 'SO', 'INCOMING', 1, NULL, 1, 1, 'Designation as Office Caretakers', NULL, NULL, '2025-10-01', 'ONGOING', NULL, 'https://drive.google.com/file/d/1AI-76zh4yciU9wlzJI7aqmXsD7SULOEK/view?usp=sharing', 0, 1, '2026-03-15 22:23:26', '2026-03-15 22:23:26'),
	(163, '2025XZGNQHOKOLEC', NULL, NULL, 'PICTO-LEEIPO-SO-2025-000002', 'Memo No 003-2025', 'October 14-19', 'Ms. Rio G. Rios', NULL, NULL, NULL, NULL, NULL, NULL, NULL, 'SO', 'INCOMING', 12, NULL, 12, 1, 'Designation as OIC', NULL, NULL, '2025-10-14', 'ONGOING', NULL, 'https://drive.google.com/file/d/1o5vVH5qnD1ccE43vMi6RF4zBpr0NrN4R/view?usp=sharing', 0, 1, '2026-03-15 22:25:19', '2026-03-15 22:25:19'),
	(164, '2025ZRUFYYADOUOE', NULL, NULL, 'PICTO-PBO-SO-2025-000002', 'Memo No 004-2025', 'October 15-17', 'Alvin Angelo D. Estal', NULL, NULL, NULL, NULL, NULL, NULL, NULL, 'SO', 'INCOMING', 14, NULL, 14, 1, 'Designation as OIC', NULL, NULL, '2025-10-15', 'ONGOING', 'for filing', 'https://drive.google.com/file/d/1AFmbL6L5il_seklG7f0M2qzS8DG7XaWb/view?usp=sharing', 0, 1, '2026-03-15 23:08:13', '2026-03-15 23:08:13'),
	(165, '2025DXFQMYDRFJUM', NULL, NULL, 'PICTO-PDRRMO-SO-2025-000001', 'Memo No. 80 s. 2025', 'October 21-15, 2025', 'Michael Angelo Dy Yaco', NULL, NULL, NULL, NULL, NULL, NULL, NULL, 'SO', 'INCOMING', 46, NULL, 46, 1, 'Designation as Officer Caretaker', NULL, NULL, '2025-10-21', 'ONGOING', NULL, NULL, 0, 1, '2026-03-15 23:12:17', '2026-03-15 23:12:17'),
	(166, '2025AGHBFFAVEIHI', NULL, NULL, 'PICTO-PPDC-SO-2025-000003', 'Special Order No. 8 S 2025', NULL, 'Engr Richard M. Rivera', NULL, NULL, NULL, NULL, NULL, NULL, NULL, 'SO', 'INCOMING', 13, NULL, 13, 1, 'Designation as Regional Development Council (RDC)', NULL, NULL, '2025-10-29', 'ONGOING', NULL, 'https://drive.google.com/file/d/19NYk34T0Y9iAW59CHYlgNkGjvK4ZoQcV/view?usp=sharing', 0, 1, '2026-03-15 23:14:22', '2026-03-15 23:14:22'),
	(167, '2025FPHHUNKMSELT', NULL, NULL, 'PICTO-LEEIPO-SO-2025-000003', 'Memo No. 004-2025', 'Nov. 4-10, 2025', 'Ms. Maria Jenina Parlan, SAO', NULL, NULL, NULL, NULL, NULL, NULL, NULL, 'SO', 'INCOMING', 12, NULL, 12, 1, 'Designation as Officer in Charge', NULL, NULL, '2025-11-03', 'ONGOING', 'for dissemination', 'https://drive.google.com/file/d/1xdjq33b-iRyPyEP54wsSfUXg35vzrbss/view?usp=sharing', 0, 1, '2026-03-15 23:15:38', '2026-03-15 23:15:38'),
	(168, '2025WYEEVNJNBLDF', NULL, NULL, 'PICTO-PBO-SO-2025-000003', 'Memo No. 005', 'Nov. 5-6, 2025', 'Genelen Nisperos', NULL, NULL, NULL, NULL, NULL, NULL, NULL, 'SO', 'INCOMING', 14, NULL, 14, 1, 'Designation as Officer in Charge', NULL, NULL, '2025-11-04', 'ONGOING', 'for dissemination', 'https://drive.google.com/file/d/12ciw0x_kp4OPk6aCcYPNF0opgS9sfqQu/view?usp=sharing', 0, 1, '2026-03-15 23:26:37', '2026-03-15 23:26:37'),
	(169, '2025GNRHMAPOTTTO', NULL, NULL, 'PICTO-PBO-SO-2025-000004', 'Memo No. 006', '11/7/2025', 'Alvin Angelo D. Estal', NULL, NULL, NULL, NULL, NULL, NULL, NULL, 'SO', 'INCOMING', 14, NULL, 14, 1, 'Designation as Officer in Charge', NULL, NULL, '2025-11-04', 'ONGOING', 'for dissemination', 'https://drive.google.com/file/d/11Q7BM2fTnHM6kwI41Eylg0NFLyO7whJM/view?usp=sharing', 0, 1, '2026-03-15 23:27:57', '2026-03-15 23:27:57'),
	(170, '2025NUIWGPYFSNXQ', NULL, NULL, 'PICTO-PDRRMO-SO-2025-000002', 'Ofc Memo No. 093 S2025', 'November 4-7, 2025', 'Michael Angelo Dy Yaco', NULL, NULL, NULL, NULL, NULL, NULL, NULL, 'SO', 'INCOMING', 46, NULL, 46, 1, 'Designation as Officer Caretaker', NULL, NULL, '2025-11-04', 'ONGOING', 'for dissemination', 'https://drive.google.com/file/d/1Jps6mRxiVDLtCDmjecVWEuw72-l9Q3e3/view?usp=sharing', 0, 1, '2026-03-15 23:28:52', '2026-03-15 23:28:52'),
	(171, '2025TGHSKVYNFBIZ', NULL, NULL, 'PICTO-PBO-SO-2025-000005', 'PBO Memo No. 007', NULL, 'Genelen Nisperos', NULL, NULL, NULL, NULL, NULL, NULL, NULL, 'SO', 'INCOMING', 14, NULL, 14, 1, 'Designation as Officer in Charge', NULL, NULL, '2025-11-17', 'ONGOING', NULL, 'https://drive.google.com/file/d/1qnfwI7iLrw9iJS3svo50hxUATEBLpeO8/view?usp=sharing', 0, 1, '2026-03-15 23:29:36', '2026-03-15 23:29:36'),
	(172, '2025FSYIGCITTFPS', NULL, NULL, 'PICTO-PSWDO-SO-2025-000001', 'Ofc Order No. 16', 'Nov. 17-20, 2025', 'Nicholas Perlas', NULL, NULL, NULL, NULL, NULL, NULL, NULL, 'SO', 'INCOMING', 17, NULL, 17, 1, 'Designation as Officer in Charge', NULL, NULL, '2025-11-17', 'ONGOING', 'for filing', 'https://drive.google.com/file/d/1zciDbLF9HLIve_a3_XPaFbpIhSiTh63G/view?usp=sharing', 0, 1, '2026-03-15 23:31:37', '2026-03-15 23:32:22'),
	(173, '2025BPDWQFLMZFVS', NULL, NULL, 'PICTO-OPA-SO-2025-000001', 'Special Order No. 123 Series of 2025', NULL, 'PGLU Employees Concerned', NULL, NULL, NULL, NULL, NULL, NULL, NULL, 'SO', 'INCOMING', 2, NULL, 2, 1, 'Designation as Customer Feedback Citizens Charter ISO and Department Control Custodian (DDCC) Focal Persdon and Alternate', NULL, NULL, '2025-11-24', 'ONGOING', 'to all concerned', 'https://drive.google.com/file/d/1FZ2TLlqN1XuwQgsi0VuQhNPZ1Wy8x8ZE/view?usp=sharing', 0, 1, '2026-03-15 23:43:19', '2026-03-15 23:43:19'),
	(174, '2025TIPTPRDLQCZV', NULL, NULL, 'PICTO-PGENRO-SO-2025-000006', 'Office Order No. 04 S2025', NULL, 'Forester Raquel B. Orpilla', NULL, NULL, NULL, NULL, NULL, NULL, NULL, 'SO', 'INCOMING', 6, NULL, 6, 1, 'Designation as Officer in Charge', NULL, NULL, '2025-11-28', 'ONGOING', NULL, 'https://drive.google.com/file/d/1CZid8yN2VipuqTeb7wJGLl5fm2XbVDME/view?usp=sharing', 0, 1, '2026-03-15 23:44:16', '2026-03-15 23:44:16'),
	(175, '2026WWJQPWHTJVHI', NULL, NULL, 'PICTO-OPG-SO-2026-000002', 'Special Order No. 002 Series of 2026', NULL, 'Gerry D. Binas-o', NULL, NULL, NULL, NULL, NULL, NULL, NULL, 'SO', 'INCOMING', 1, NULL, 1, 1, 'Designation as OIC Provincial Government Department Head (PGDH) of the PICTO', NULL, NULL, '2026-01-09', 'ONGOING', NULL, 'https://drive.google.com/file/d/1k8jFz_bhqRZoBRmyaPnVtIFv3sDAOJLE/view?usp=sharing', 0, 1, '2026-03-15 23:45:46', '2026-03-15 23:45:46'),
	(176, '2026UADVCHDRUZIN', NULL, NULL, 'PICTO-OPAG-SO-2026-000001', 'Office Order No. 5', 'January 13 to 14, 2026', 'Engr. Nestor F. Obaldo / Engineer III/OIC-ABEU', NULL, NULL, NULL, NULL, NULL, NULL, NULL, 'SO', 'INCOMING', 11, NULL, 11, 1, 'Designation as Office Caretaker of OPAg', NULL, NULL, '2026-01-12', 'ONGOING', 'for filing', 'https://drive.google.com/file/d/1e78TddPY5Xd5-wJP9IB5q3kYJkIIYgNk/view?usp=sharing', 0, 1, '2026-03-15 23:47:58', '2026-03-15 23:47:58'),
	(177, '2026TPVMBTHSUZBW', NULL, NULL, 'PICTO-PPDC-SO-2026-000001', 'Special Order No. 001 Series of 2026', NULL, 'Enp. Laarnie C. Obligation / Statistician III', NULL, NULL, NULL, NULL, NULL, NULL, NULL, 'SO', 'INCOMING', 13, NULL, 13, 1, 'Designation as OIC of research and Statisticd Unit (RSU)', NULL, NULL, '2026-01-16', 'ONGOING', 'for dissemination', 'https://drive.google.com/file/d/186TAoWRHZ4O-xL06QtbhPMSuM4ur1z2y/view?usp=sharing', 0, 1, '2026-03-15 23:48:57', '2026-03-15 23:48:57'),
	(178, '2026IXRGDXCNAUYH', NULL, NULL, 'PICTO-PBO-SO-2026-000001', 'Special Orser No. 1 s. 2026', 'Janaury 26-27, 2026', 'Genelen B. Nisperos, Assistanr Provinicla Budget Officer', NULL, NULL, NULL, NULL, NULL, NULL, NULL, 'SO', 'INCOMING', 14, NULL, 14, 1, 'Designation as Officer-in-Charge of PBO', NULL, NULL, '2026-01-26', 'ONGOING', 'Admin, for dissemination', 'https://drive.google.com/file/d/1s6FXBmueauqV5IrZVdGwHjtYF2ntvmAA/view?usp=sharing', 0, 1, '2026-03-15 23:49:48', '2026-03-15 23:49:48'),
	(179, '2026SBQRRUKCEYOI', NULL, NULL, 'PICTO-OPAG-SO-2026-000002', 'Special Order No. 09 S. 2026', 'Janaury 26-27, 2026', 'Myrna C. Gacutan, Planing Officer III/OIC-PMEU', NULL, NULL, NULL, NULL, NULL, NULL, NULL, 'SO', 'INCOMING', 11, NULL, 11, 1, 'Designation as Office Caretaker of OPAg', NULL, NULL, '2026-01-26', 'ONGOING', 'Admin, for dissemination', 'https://drive.google.com/file/d/194vQRmARkSSMKMkSa4E96ne5XZKmPeJ6/view?usp=sharing', 0, 1, '2026-03-15 23:50:37', '2026-03-15 23:50:37'),
	(180, '2026ESJTUDAXROQC', NULL, NULL, 'PICTO-OPG-SO-2026-000003', NULL, 'January 25-29, 2026', 'Hon Eric Sibuma', NULL, NULL, NULL, NULL, NULL, NULL, NULL, 'SO', 'INCOMING', 1, NULL, 1, 1, 'Designation as Acting Governor', NULL, NULL, '2026-01-26', 'ONGOING', 'Admin', 'https://drive.google.com/file/d/1NsiV0IfOde83Oh4dB2zkt5IfJxdtkMgM/view?usp=sharing', 0, 1, '2026-03-15 23:51:38', '2026-03-15 23:51:38'),
	(181, '2026QVKCZSQYOHFK', NULL, NULL, 'PICTO-OPAG-SO-2026-000003', 'Special Order No. 15 S. 2026', 'Shall take effect January 19, 2026', 'Gemma Macusi, CAO IV', NULL, NULL, NULL, NULL, NULL, NULL, NULL, 'SO', 'INCOMING', 11, NULL, 11, 1, 'Designation as Acting Provincial Government Assistant Department Head of OPG-Provincial Cooperative Development Office', NULL, NULL, '2026-01-26', 'ONGOING', NULL, 'https://drive.google.com/file/d/1nj0ywHkiVMeAbFiD0QkgU09T1yhWciyf/view?usp=sharing', 0, 1, '2026-03-15 23:52:41', '2026-03-15 23:52:41'),
	(182, '2026ZRXPJWSXOTWW', NULL, NULL, 'PICTO-SP-SO-2026-000001', 'Memo No. 26 S. 2026', 'February 3 to 7, 2026', 'Hon. Alyssa Kristine B. Sibuma', NULL, NULL, NULL, NULL, NULL, NULL, NULL, 'SO', 'INCOMING', 5, NULL, 5, 1, 'Designation as Acting Vice Governor', NULL, NULL, '2026-02-03', 'ONGOING', NULL, 'https://drive.google.com/file/d/1jTewn8EzHzqJuazso9TXAm-APY18vphk/view?usp=sharing', 0, 1, '2026-03-15 23:53:43', '2026-03-15 23:53:43'),
	(183, '2026BWSAGGRGTRPT', NULL, NULL, 'PICTO-PGENRO-SO-2026-000001', 'Office Order No. 01 S2026', 'February 4-5, 2026', 'Forester Raquel B. Orpilla', NULL, NULL, NULL, NULL, NULL, NULL, NULL, 'SO', 'INCOMING', 6, NULL, 6, 1, 'Designation as Officer in Charge', NULL, NULL, '2026-02-05', 'ONGOING', 'Admin, for dissemination', 'https://drive.google.com/file/d/1iy4lfmmWOjvN6jhvJGEghDt8QUtGN49O/view?usp=sharing', 0, 1, '2026-03-15 23:54:35', '2026-03-15 23:54:35'),
	(184, '2026GKUBBBULLDIR', NULL, NULL, 'PICTO-PGENRO-SO-2026-000002', 'Office Order No. 01 S2026', 'February 4-5, 2026', 'Forester Raquel B. Orpilla', NULL, NULL, NULL, NULL, NULL, NULL, NULL, 'SO', 'INCOMING', 6, NULL, 6, 1, 'Designation as Officer in Charge', NULL, NULL, '2026-02-05', 'ONGOING', 'Admin, for dissemination', 'https://drive.google.com/file/d/1iy4lfmmWOjvN6jhvJGEghDt8QUtGN49O/view?usp=sharing', 0, 1, '2026-03-15 23:54:35', '2026-03-15 23:54:35'),
	(185, '2026QOCAJCZVJKVT', NULL, NULL, 'PICTO-ADM-SO-2026-000001', 'Special Order No. 21 S. 2026', NULL, 'All concerned Personnel', NULL, NULL, NULL, NULL, NULL, NULL, NULL, 'SO', 'INCOMING', 47, NULL, 47, 1, 'Designation as ISO Core Team', NULL, NULL, '2026-02-05', 'ONGOING', NULL, 'https://drive.google.com/file/d/1U5YMZal-ZZIzqAtg8ugXBQ8xv-XRWzqd/view?usp=sharing', 0, 1, '2026-03-15 23:57:01', '2026-03-15 23:57:01'),
	(186, '2026BKFXVFSKTUSQ', NULL, NULL, 'PICTO-OPG-SO-2026-000004', 'Memo No. 17 s. 2026', NULL, 'David Ken F. Salamanca', NULL, NULL, NULL, NULL, NULL, NULL, NULL, 'SO', 'INCOMING', 1, NULL, 1, 1, 'Revocation of Special Order No. 8 Series of 2025', NULL, NULL, '2026-02-06', 'ONGOING', 'Admin for filing', 'https://drive.google.com/file/d/1rFB6Zbq3oh70odWheMVBRGKgNp6XFTCA/view?usp=sharing', 1, 1, '2026-03-15 23:57:52', '2026-03-15 23:57:52'),
	(187, '2026YNARUOWWEAOS', NULL, NULL, 'PICTO-OPG-SO-2026-000005', 'Special Order No. 16 s. 2026', 'take effect January 19, 2026', 'Charito Dator, SAO', NULL, NULL, NULL, NULL, NULL, NULL, NULL, 'SO', 'INCOMING', 1, NULL, 1, 1, 'Designation as Acting Provincial Government Assistant Department Head/PESO', NULL, NULL, '2026-02-06', 'ONGOING', 'Admin, for dissemination to the team.All comms shall use the designation indicated in this SO', 'https://drive.google.com/file/d/1xCaojc3TSinH9OkSgy0tbdPIBbqQPBF3/view?usp=sharing', 0, 1, '2026-03-15 23:58:53', '2026-03-15 23:58:53'),
	(188, '2026RFMJEZPVHYOI', NULL, NULL, 'PICTO-OPG-SO-2026-000006', 'Memo No. 9 s. 2026', 'effective January 13, 2026', 'Engr. Robert Lelina', NULL, NULL, NULL, NULL, NULL, NULL, NULL, 'SO', 'INCOMING', 1, NULL, 1, 1, 'Revocation of Special Order No. 3 S. 2026', NULL, NULL, '2026-02-06', 'ONGOING', 'Admin for filing', 'https://drive.google.com/file/d/1HfkCnAqZa_38cmdISBlXa3vBBizuG3RN/view?usp=sharing', 0, 1, '2026-03-16 16:30:47', '2026-03-16 16:30:47'),
	(189, '2026GORPBXFCUHFD', NULL, NULL, 'PICTO-OPG-SO-2026-000007', 'Special Order No. 5', 'take effect January 13, 2026', 'Kim Han Piel P. Carmelo', NULL, NULL, NULL, NULL, NULL, NULL, NULL, 'SO', 'INCOMING', 1, NULL, 1, 1, 'Deignatiom as Acting -Assistant Provincial Administrator', NULL, NULL, '2026-02-06', 'ONGOING', 'Admin, doe dissemination to the team. use desination in all comms', 'https://drive.google.com/file/d/1vWO-3v18ZnrnbGPEC8etqJroufEzJPHu/view?usp=sharing', 0, 1, '2026-03-16 16:32:21', '2026-03-16 16:32:21'),
	(190, '2026SGICRBUDSLAW', NULL, NULL, 'PICTO-OPG-SO-2026-000008', 'Special Order No. 1', 'take effect January 12, 2026', 'Victoria D. Almazan', NULL, NULL, NULL, NULL, NULL, NULL, NULL, 'SO', 'INCOMING', 1, NULL, 1, 1, 'Designation as OIC-Provincial Government Assistant Department HEad (PGADH)- OPAss', NULL, NULL, '2026-02-06', 'ONGOING', 'Admin, for dissemination to the team. Please note the designed in on comms', 'https://drive.google.com/file/d/1sOmfO1uGGmmSaw3crA36JVnRX0IX6ceN/view?usp=sharing', 0, 1, '2026-03-16 16:33:33', '2026-03-16 16:33:33'),
	(191, '2024WUBKJSQMOBGX', NULL, NULL, 'PICTO-PLO-EO-2024-000001', 'Executive Order No. 33 Series 2024', NULL, '"Provincial Permanent Action Team\r\nGDB- Technical Officer"', NULL, NULL, NULL, NULL, NULL, NULL, NULL, 'EO', 'INCOMING', 48, NULL, 48, 1, 'An Executive Order Strengthening and Enhancing the Procedures of the PGLU 8888 Citizens\' Complaint and Action Center', 'Recurring', NULL, '2024-06-25', 'ONGOING', NULL, NULL, 0, 1, '2026-03-16 16:37:53', '2026-03-16 16:37:53'),
	(192, '2024ASHIHNGYGGMQ', NULL, NULL, 'PICTO-OPG-EO-2024-000001', 'Executive Order No. 35 S. 2024', NULL, 'Most Business-Friendly LGU Award', NULL, NULL, NULL, NULL, NULL, NULL, NULL, 'EO', 'INCOMING', 1, NULL, 1, 1, 'Creating the Technical Working Group (TWG) for the Mst Business-Friendly Local Government Unit Awards of the Provincial Government of La Union', 'Recurring', NULL, '2024-07-02', 'ONGOING', NULL, NULL, 0, 1, '2026-03-16 16:38:59', '2026-03-16 16:38:59'),
	(193, '2025WAPPNHECHLBC', NULL, NULL, 'PICTO-OPG-EO-2025-000001', 'Executive Order No. 1, Series of 2025', NULL, '"Chairman: Ramon B. Torres, PhD, CESE, PA\r\n"', NULL, NULL, NULL, NULL, NULL, NULL, NULL, 'EO', 'INCOMING', 1, NULL, 1, 1, 'Creating Bids and Awards Committee (BAC) of PGLU in accordance with RA 12009 and its IRR', 'Recurring', NULL, '2025-07-14', 'ONGOING', NULL, NULL, 0, 1, '2026-03-16 16:40:08', '2026-03-16 16:40:08'),
	(194, '2026CGUOAWGDNDWF', NULL, NULL, 'PICTO-OPG-EO-2026-000001', 'Executive Order No.1, series of 2026', NULL, 'Chairperson: Hon. Mario Eduardo C. Ortega, Provincial Governor', NULL, NULL, NULL, NULL, NULL, NULL, NULL, 'EO', 'INCOMING', 1, NULL, 1, 1, 'Creating and Organizing the 176th La Union Founding Anniversary Steering Committee', 'Recurring', NULL, '2026-01-06', 'ONGOING', NULL, NULL, 0, 1, '2026-03-16 16:41:28', '2026-03-16 16:41:28'),
	(195, '2026TXWBVDCXFQYP', NULL, NULL, 'PICTO-OPG-EO-2026-000002', 'Executive Order No. 41 S. 2026', NULL, 'Provincial Innovation Council was subsequently renamed as the La Union Innovation Council (LUIV)', NULL, NULL, NULL, NULL, NULL, NULL, NULL, 'EO', 'INCOMING', 1, NULL, 1, 1, 'Reorganization of the La Union Innovation Council (LUIC)', 'Recurring', NULL, '2026-02-11', 'ONGOING', NULL, 'https://drive.google.com/file/d/1Si8OC8Lisn-Aoa1ufK0ZwVNP7_0WPGkP/view?usp=sharing', 0, 1, '2026-03-16 16:43:07', '2026-03-16 16:43:07');

-- Dumping structure for table pictorts.financial_attachments
CREATE TABLE IF NOT EXISTS `financial_attachments` (
  `id` bigint(20) unsigned NOT NULL AUTO_INCREMENT,
  `financial_id` bigint(20) unsigned NOT NULL,
  `file_path` varchar(255) NOT NULL,
  `file_name` varchar(255) NOT NULL,
  `uploaded_by` bigint(20) unsigned NOT NULL,
  `created_at` timestamp NULL DEFAULT NULL,
  `updated_at` timestamp NULL DEFAULT NULL,
  PRIMARY KEY (`id`),
  KEY `financial_attachments_financial_id_foreign` (`financial_id`),
  KEY `financial_attachments_uploaded_by_foreign` (`uploaded_by`),
  CONSTRAINT `financial_attachments_financial_id_foreign` FOREIGN KEY (`financial_id`) REFERENCES `financial_records` (`id`) ON DELETE CASCADE,
  CONSTRAINT `financial_attachments_uploaded_by_foreign` FOREIGN KEY (`uploaded_by`) REFERENCES `users` (`id`)
) ENGINE=InnoDB AUTO_INCREMENT=2 DEFAULT CHARSET=utf8mb4 COLLATE=utf8mb4_unicode_ci;

-- Dumping data for table pictorts.financial_attachments: ~0 rows (approximately)

-- Dumping structure for table pictorts.financial_records
CREATE TABLE IF NOT EXISTS `financial_records` (
  `id` bigint(20) unsigned NOT NULL AUTO_INCREMENT,
  `type` varchar(255) DEFAULT NULL,
  `description` varchar(255) NOT NULL,
  `supplier` varchar(255) DEFAULT NULL,
  `pr_number` varchar(255) DEFAULT NULL,
  `pr_amount` decimal(12,2) DEFAULT NULL,
  `po_number` varchar(255) DEFAULT NULL,
  `po_amount` decimal(12,2) DEFAULT NULL,
  `obr_number` varchar(255) DEFAULT NULL,
  `voucher_number` varchar(255) DEFAULT NULL,
  `office_origin` bigint(20) unsigned NOT NULL,
  `current_office` bigint(20) unsigned DEFAULT NULL,
  `current_holder` bigint(20) unsigned DEFAULT NULL,
  `status` enum('ACTIVE','CANCELLED','FINISHED') NOT NULL DEFAULT 'ACTIVE',
  `progress` varchar(255) DEFAULT NULL,
  `remarks` text DEFAULT NULL,
  `created_at` timestamp NULL DEFAULT NULL,
  `updated_at` timestamp NULL DEFAULT NULL,
  `created_by` bigint(20) unsigned DEFAULT NULL,
  PRIMARY KEY (`id`),
  KEY `financial_records_type_index` (`type`),
  KEY `financial_records_status_index` (`status`),
  KEY `financial_records_office_origin_index` (`office_origin`),
  KEY `financial_records_current_office_index` (`current_office`),
  KEY `financial_records_current_holder_index` (`current_holder`),
  KEY `financial_records_pr_number_index` (`pr_number`),
  KEY `financial_records_po_number_index` (`po_number`),
  KEY `financial_records_obr_number_index` (`obr_number`),
  KEY `financial_records_voucher_number_index` (`voucher_number`),
  KEY `financial_records_status_office_origin_index` (`status`,`office_origin`),
  KEY `financial_records_created_at_index` (`created_at`),
  KEY `financial_records_created_by_foreign` (`created_by`),
  CONSTRAINT `financial_records_created_by_foreign` FOREIGN KEY (`created_by`) REFERENCES `users` (`id`),
  CONSTRAINT `financial_records_current_holder_foreign` FOREIGN KEY (`current_holder`) REFERENCES `users` (`id`),
  CONSTRAINT `financial_records_current_office_foreign` FOREIGN KEY (`current_office`) REFERENCES `offices` (`id`),
  CONSTRAINT `financial_records_office_origin_foreign` FOREIGN KEY (`office_origin`) REFERENCES `offices` (`id`)
) ENGINE=InnoDB AUTO_INCREMENT=31 DEFAULT CHARSET=utf8mb4 COLLATE=utf8mb4_unicode_ci;

-- Dumping data for table pictorts.financial_records: ~26 rows (approximately)
INSERT INTO `financial_records` (`id`, `type`, `description`, `supplier`, `pr_number`, `pr_amount`, `po_number`, `po_amount`, `obr_number`, `voucher_number`, `office_origin`, `current_office`, `current_holder`, `status`, `progress`, `remarks`, `created_at`, `updated_at`, `created_by`) VALUES
	(2, 'OBR', '70 SNACK AM STANDARD ,100-LUCH BUFFET 70 SNACK STRANDARD SPCL- 3-SNACK (AM)3-(PM),70 BREAKFST STANDARD MEAL)', 'Maam Vita', NULL, NULL, NULL, NULL, NULL, NULL, 39, 39, 1, 'ACTIVE', NULL, '"- 9.25.25 bac dosc\r\n-10.13.25 andun parin\r\n-10.29.25 SAME\r\n-11.17.25 SAME\r\n-11.21.25  follow up bac\r\n-11.25.2025 - follow up bac\r\n-11.27.25 follow up bac\r\n-1.6.26 BUDGET OBLIGATE\r\n- 1.12.26 ACCTG  c/o bac consolidated process"', '2026-03-05 23:22:44', '2026-03-05 23:22:44', 1),
	(3, 'OBR', '1 UNIT REPAIR AND MAINTENANCE OF OFFICE EQUIPMENT', 'Timmate', '2025-035-A21', 100000.00, NULL, 95000.00, '100-2025-12-11505 100-2025-12-11195', NULL, 39, 39, 1, 'ACTIVE', 'Incomplete assignatories NOA,RFQ', '" -9.25.25 -BAC NOA/RFQ\r\n- 10.6.25 same\r\n-10.13.25 same\r\n-10.23.25 PULL OUT FOR CANCELLED RE PR \r\n-10.28.25 FOR SIGNATURE\r\n-10.29.2025 SUBMITTED PR (REVISED) AND REQUEST FOR CANCELLATION TO PBO\r\n-11.03.25 CANCELLED, PR FOR RESIG GDB\r\n-11.3.25 BUDGET\r\n-11.5.25 RETURN PR HOLD WAITING INSPECTION REPORT\r\n-11.6.25 INSPECTION REPORT -TIMMATE C/MAM KAREN  NG ACCTNG -NEXT WEEK KANU?\r\n-11.12.25 AS OF NOW WALA PA\r\n-11.17.25 BUDGET- ung pinakausap kay mam ghen\r\n-11.18.25 BUDGET follow up\r\n-11.19.25 PTO \r\n-11.20.25 ADMN \r\n-11.21.25 OPG\r\n-11.24.25 OPG\r\n-11.25.25 OPG wala pa napirmahan\r\n-11.26.25 RECEIVE FROM OPG\r\n-11.26.25 BAC DOCS NA\r\n-12.04.25 Submitted Scope of Works to BAC\r\n-12.09.25  BAC DOCS\r\n-1.5.26 BUDGET OBLIGATE -OBR \r\n-12.29.25 BAC Office - clarifications with sir jemjun - ok\r\n-1.6.26 UNPAID OBLIGATION ACCNTG\r\n-1.23.26 -1.23.26 RECEIVE  UPAID OBLIGATE  SA ACCTG\r\n-2.2.26 BAC\r\n-2.11.26 BAC-follow up"', '2026-03-08 22:49:46', '2026-03-08 22:49:46', 1),
	(4, 'DV', 'Payment for office supplies and equipment procurement', 'ABC Office Supplies Corp.', 'PR-2026-001', 15000.00, 'PO-2026-001', 14850.00, 'OBR-2026-001', 'VCH-2026-001', 1, 1, 1, 'ACTIVE', 'Document preparation', 'Initial procurement for Q1 2026', '2026-03-09 23:58:13', '2026-03-09 23:58:13', 1),
	(5, 'INSPEC', 'Inspection fees for building renovation project', 'Quality Inspection Services Inc.', 'PR-2026-002', 8500.00, 'PO-2026-002', 8200.00, 'OBR-2026-002', 'VCH-2026-002', 1, 1, 1, 'ACTIVE', 'Inspection scheduled', 'Building renovation phase 1', '2026-03-09 23:58:13', '2026-03-09 23:58:13', 1),
	(6, 'OBR', 'Obligation for vehicle maintenance and fuel expenses', 'AutoCare Maintenance Center', 'PR-2026-003', 12000.00, 'PO-2026-003', 11800.00, 'OBR-2026-003', 'VCH-2026-003', 1, 1, 1, 'FINISHED', 'Completed', 'Q4 2025 vehicle maintenance completed', '2026-03-09 23:58:13', '2026-03-09 23:58:13', 1),
	(7, 'OPG', 'Operational grant for community outreach program', 'Community Development Foundation', 'PR-2026-004', 50000.00, 'PO-2026-004', 50000.00, 'OBR-2026-004', 'VCH-2026-004', 1, 1, 1, 'ACTIVE', 'Fund disbursement in progress', 'Community outreach Q1 2026', '2026-03-09 23:58:13', '2026-03-09 23:58:13', 1),
	(8, 'PR', 'Purchase request for new computer equipment', 'TechPro Solutions Ltd.', 'PR-2026-005', 75000.00, 'PO-2026-005', 73500.00, 'OBR-2026-005', 'VCH-2026-005', 1, 1, 1, 'CANCELLED', 'Cancelled - budget reallocated', 'Cancelled due to budget constraints', '2026-03-09 23:58:13', '2026-03-09 23:58:13', 1),
	(9, 'DV', 'Travel expenses for training seminar attendance', 'Travel & Tours Co.', 'PR-2026-006', 8500.00, 'PO-2026-006', 8200.00, 'OBR-2026-006', 'VCH-2026-006', 1, 1, 1, 'ACTIVE', 'Travel arrangements confirmed', 'Training seminar - Manila', '2026-03-09 23:58:13', '2026-03-09 23:58:13', 1),
	(10, 'INSPEC', 'Quality inspection for newly delivered equipment', 'Certified Inspection Agency', 'PR-2026-007', 4500.00, 'PO-2026-007', 4300.00, 'OBR-2026-007', 'VCH-2026-007', 1, 1, 1, 'FINISHED', 'Inspection completed - passed', 'Equipment quality verified', '2026-03-09 23:58:13', '2026-03-09 23:58:13', 1),
	(11, 'OBR', 'Obligation for utility bills and office rent', 'Property Management Services', 'PR-2026-008', 25000.00, 'PO-2026-008', 25000.00, 'OBR-2026-008', 'VCH-2026-008', 1, 1, 1, 'ACTIVE', 'Monthly payment processing', 'January 2026 utilities and rent', '2026-03-09 23:58:13', '2026-03-09 23:58:13', 1),
	(12, 'DV', 'Payment for office supplies and equipment procurement', 'ABC Office Supplies Corp.', 'PR-2026-001', 15000.00, 'PO-2026-001', 14850.00, 'OBR-2026-001', 'VCH-2026-001', 1, 1, 1, 'ACTIVE', 'Document preparation', 'Initial procurement for Q1 2026', '2026-03-10 00:12:12', '2026-03-10 00:12:12', 1),
	(13, 'INSPEC', 'Inspection fees for building renovation project', 'Quality Inspection Services Inc.', 'PR-2026-002', 8500.00, 'PO-2026-002', 8200.00, 'OBR-2026-002', 'VCH-2026-002', 1, 1, 1, 'ACTIVE', 'Inspection scheduled', 'Building renovation phase 1', '2026-03-10 00:12:12', '2026-03-10 00:12:12', 1),
	(14, 'OBR', 'Obligation for vehicle maintenance and fuel expenses', 'AutoCare Maintenance Center', 'PR-2026-003', 12000.00, 'PO-2026-003', 11800.00, 'OBR-2026-003', 'VCH-2026-003', 1, 1, 1, 'FINISHED', 'Completed', 'Q4 2025 vehicle maintenance completed', '2026-03-10 00:12:12', '2026-03-10 00:12:12', 1),
	(15, 'OPG', 'Operational grant for community outreach program', 'Community Development Foundation', 'PR-2026-004', 50000.00, 'PO-2026-004', 50000.00, 'OBR-2026-004', 'VCH-2026-004', 1, 1, 1, 'ACTIVE', 'Fund disbursement in progress', 'Community outreach Q1 2026', '2026-03-10 00:12:12', '2026-03-10 00:12:12', 1),
	(16, 'PR', 'Purchase request for new computer equipment', 'TechPro Solutions Ltd.', 'PR-2026-005', 75000.00, 'PO-2026-005', 73500.00, 'OBR-2026-005', 'VCH-2026-005', 1, 1, 1, 'CANCELLED', 'Cancelled - budget reallocated', 'Cancelled due to budget constraints', '2026-03-10 00:12:12', '2026-03-10 00:12:12', 1),
	(17, 'DV', 'Travel expenses for training seminar attendance', 'Travel & Tours Co.', 'PR-2026-006', 8500.00, 'PO-2026-006', 8200.00, 'OBR-2026-006', 'VCH-2026-006', 1, 1, 1, 'ACTIVE', 'Travel arrangements confirmed', 'Training seminar - Manila', '2026-03-10 00:12:12', '2026-03-10 00:12:12', 1),
	(18, 'INSPEC', 'Quality inspection for newly delivered equipment', 'Certified Inspection Agency', 'PR-2026-007', 4500.00, 'PO-2026-007', 4300.00, 'OBR-2026-007', 'VCH-2026-007', 1, 1, 1, 'FINISHED', 'Inspection completed - passed', 'Equipment quality verified', '2026-03-10 00:12:12', '2026-03-10 00:12:12', 1),
	(19, 'OBR', 'Obligation for utility bills and office rent', 'Property Management Services', 'PR-2026-008', 25000.00, 'PO-2026-008', 25000.00, 'OBR-2026-008', 'VCH-2026-008', 1, 1, 1, 'ACTIVE', 'Monthly payment processing', 'January 2026 utilities and rent', '2026-03-10 00:12:12', '2026-03-10 00:12:12', 1),
	(20, 'DV', 'Payment for software licenses and subscriptions', 'Software Solutions Inc.', 'PR-2026-009', 35000.00, 'PO-2026-009', 34200.00, 'OBR-2026-009', 'VCH-2026-009', 1, 1, 1, 'ACTIVE', 'License renewal processing', 'Annual software licenses for 2026', '2026-03-10 00:12:12', '2026-03-10 00:12:12', 1),
	(21, 'PR', 'Purchase request for office furniture and fixtures', 'Modern Office Furniture Co.', 'PR-2026-010', 45000.00, 'PO-2026-010', 43800.00, 'OBR-2026-010', 'VCH-2026-010', 1, 1, 1, 'ACTIVE', 'Supplier selection in progress', 'New office setup - Department B', '2026-03-10 00:12:12', '2026-03-10 00:12:12', 1),
	(22, 'OBR', 'Obligation for security services and equipment', 'SecureGuard Services Ltd.', 'PR-2026-011', 18000.00, 'PO-2026-011', 17600.00, 'OBR-2026-011', 'VCH-2026-011', 1, 1, 1, 'FINISHED', 'Contract completed', 'Annual security services contract', '2026-03-10 00:12:12', '2026-03-10 00:12:12', 1),
	(23, 'INSPEC', 'Safety inspection for electrical systems upgrade', 'Electrical Safety Inspectors', 'PR-2026-012', 6500.00, 'PO-2026-012', 6300.00, 'OBR-2026-012', 'VCH-2026-012', 1, 1, 1, 'ACTIVE', 'Inspection report pending', 'Electrical systems safety compliance', '2026-03-10 00:12:12', '2026-03-10 00:12:12', 1),
	(24, 'OPG', 'Operational grant for research and development', 'Innovation Research Institute', 'PR-2026-013', 85000.00, 'PO-2026-013', 85000.00, 'OBR-2026-013', 'VCH-2026-013', 1, 1, 1, 'ACTIVE', 'Research phase 2', 'Q2 2026 R&D funding', '2026-03-10 00:12:12', '2026-03-10 00:12:12', 1),
	(25, 'DV', 'Payment for consulting services', 'Business Consulting Partners', 'PR-2026-014', 28000.00, 'PO-2026-014', 27400.00, 'OBR-2026-014', 'VCH-2026-014', 1, 1, 1, 'ACTIVE', 'Consulting services delivered', 'Strategic planning consultation', '2026-03-10 00:12:12', '2026-03-10 00:12:12', 1),
	(26, 'PR', 'Purchase request for communication equipment', 'Telecom Solutions PH', 'PR-2026-015', 32000.00, 'PO-2026-015', 31200.00, 'OBR-2026-015', 'VCH-2026-015', 1, 1, 1, 'CANCELLED', 'Cancelled - technical requirements changed', 'Equipment specifications updated', '2026-03-10 00:12:12', '2026-03-10 00:12:12', 1),
	(27, 'OBR', 'Obligation for marketing and promotional materials', 'Creative Marketing Agency', 'PR-2026-016', 15000.00, 'PO-2026-016', 14700.00, 'OBR-2026-016', 'VCH-2026-016', 1, 1, 1, 'FINISHED', 'Campaign completed', 'Q1 2026 marketing campaign', '2026-03-10 00:12:12', '2026-03-10 00:12:12', 1);

-- Dumping structure for table pictorts.financial_routes
CREATE TABLE IF NOT EXISTS `financial_routes` (
  `id` bigint(20) unsigned NOT NULL AUTO_INCREMENT,
  `financial_id` bigint(20) unsigned NOT NULL,
  `from_office` bigint(20) unsigned NOT NULL,
  `to_office` bigint(20) unsigned NOT NULL,
  `released_by` bigint(20) unsigned DEFAULT NULL,
  `received_by` bigint(20) unsigned DEFAULT NULL,
  `datetime_released` timestamp NULL DEFAULT NULL,
  `datetime_received` timestamp NULL DEFAULT NULL,
  `remarks` text DEFAULT NULL,
  `created_at` timestamp NULL DEFAULT NULL,
  `updated_at` timestamp NULL DEFAULT NULL,
  PRIMARY KEY (`id`),
  KEY `financial_routes_financial_id_foreign` (`financial_id`),
  KEY `financial_routes_from_office_foreign` (`from_office`),
  KEY `financial_routes_to_office_foreign` (`to_office`),
  KEY `financial_routes_released_by_foreign` (`released_by`),
  KEY `financial_routes_received_by_foreign` (`received_by`),
  CONSTRAINT `financial_routes_financial_id_foreign` FOREIGN KEY (`financial_id`) REFERENCES `financial_records` (`id`) ON DELETE CASCADE,
  CONSTRAINT `financial_routes_from_office_foreign` FOREIGN KEY (`from_office`) REFERENCES `offices` (`id`),
  CONSTRAINT `financial_routes_received_by_foreign` FOREIGN KEY (`received_by`) REFERENCES `users` (`id`),
  CONSTRAINT `financial_routes_released_by_foreign` FOREIGN KEY (`released_by`) REFERENCES `users` (`id`),
  CONSTRAINT `financial_routes_to_office_foreign` FOREIGN KEY (`to_office`) REFERENCES `offices` (`id`)
) ENGINE=InnoDB AUTO_INCREMENT=7 DEFAULT CHARSET=utf8mb4 COLLATE=utf8mb4_unicode_ci;

-- Dumping data for table pictorts.financial_routes: ~2 rows (approximately)
INSERT INTO `financial_routes` (`id`, `financial_id`, `from_office`, `to_office`, `released_by`, `received_by`, `datetime_released`, `datetime_received`, `remarks`, `created_at`, `updated_at`) VALUES
	(2, 2, 39, 39, 1, 1, '2026-03-05 23:22:44', '2026-03-05 23:22:44', 'Financial record created and initially recorded', '2026-03-05 23:22:44', '2026-03-05 23:22:44'),
	(3, 3, 39, 39, 1, 1, '2026-03-08 22:49:46', '2026-03-08 22:49:46', 'Financial record created and initially recorded', '2026-03-08 22:49:46', '2026-03-08 22:49:46');

-- Dumping structure for table pictorts.migrations
CREATE TABLE IF NOT EXISTS `migrations` (
  `id` int(10) unsigned NOT NULL AUTO_INCREMENT,
  `migration` varchar(255) NOT NULL,
  `batch` int(11) NOT NULL,
  PRIMARY KEY (`id`)
) ENGINE=InnoDB AUTO_INCREMENT=29 DEFAULT CHARSET=utf8mb4 COLLATE=utf8mb4_unicode_ci;

-- Dumping data for table pictorts.migrations: ~28 rows (approximately)
INSERT INTO `migrations` (`id`, `migration`, `batch`) VALUES
	(1, '2026_02_24_004010_create_users_table', 1),
	(2, '2026_02_24_004523_create_offices_table', 1),
	(3, '2026_02_24_004632_create_documents_table', 1),
	(4, '2026_02_24_004736_create_document_routes_table', 1),
	(5, '2026_02_24_004823_create_document_files_table', 1),
	(6, '2026_02_24_004915_create_financial_records_table', 1),
	(7, '2026_02_24_004945_create_financial_routes_table', 1),
	(8, '2026_02_24_005029_create_financial_attachments_table', 1),
	(9, '2026_02_24_023726_create_sessions_table', 2),
	(10, '2026_02_24_025132_add_extra_fields_to_documents_table', 3),
	(11, '2026_02_24_031318_create_cache_table', 4),
	(12, '2026_02_24_040000_add_office_id_to_users_table', 5),
	(13, '2026_02_24_040001_add_indexes_to_documents_table', 5),
	(14, '2026_02_24_040002_add_indexes_to_financial_records_table', 5),
	(15, '2026_02_25_090000_rename_ictu_number_to_picto_number', 5),
	(16, '2026_02_25_100000_update_lupgeo_office_name', 6),
	(17, '2026_02_25_110000_add_created_by_to_financial_records', 7),
	(18, '2026_02_25_074044_create_todos_table', 8),
	(19, '2026_02_26_071207_add_role_to_users_table', 9),
	(20, '2026_03_04_062907_create_password_reset_tokens_table', 10),
	(21, '2026_03_05_031155_add_transaction_number_to_documents_table', 11),
	(22, '2026_03_06_013454_add_memorandum_number_to_documents_table', 12),
	(23, '2026_03_06_024745_add_particulars_to_documents_table', 13),
	(24, '2026_03_06_072803_add_period_to_documents_table', 14),
	(25, '2026_03_06_073513_add_progress_to_financial_table', 15),
	(26, '2026_03_18_000000_add_letter_fields_to_documents_table', 16),
	(27, '2026_03_19_000000_add_assigned_to_and_remarks_to_todos_table', 17),
	(28, '2026_03_19_000001_update_priority_column_to_include_top', 18);

-- Dumping structure for table pictorts.offices
CREATE TABLE IF NOT EXISTS `offices` (
  `id` bigint(20) unsigned NOT NULL AUTO_INCREMENT,
  `code` varchar(255) NOT NULL,
  `name` varchar(255) NOT NULL,
  `created_at` timestamp NULL DEFAULT NULL,
  `updated_at` timestamp NULL DEFAULT NULL,
  PRIMARY KEY (`id`),
  UNIQUE KEY `offices_code_unique` (`code`)
) ENGINE=InnoDB AUTO_INCREMENT=49 DEFAULT CHARSET=utf8mb4 COLLATE=utf8mb4_unicode_ci;

-- Dumping data for table pictorts.offices: ~28 rows (approximately)
INSERT INTO `offices` (`id`, `code`, `name`, `created_at`, `updated_at`) VALUES
	(1, 'OPG', 'Office of the Provincial Governor', NULL, NULL),
	(2, 'OPA', 'Office of the Provincial Administrator', NULL, NULL),
	(3, 'PICTO', 'Provincial Information and Communications Technology Office', NULL, NULL),
	(4, 'PHRMDO', 'Provincial Human Resource and Management Development Office', NULL, NULL),
	(5, 'SP', 'Office of the Sangguniang Panlalawigan', NULL, NULL),
	(6, 'PGENRO', 'Provincial Government Environment and Natural Resources Office', NULL, NULL),
	(7, 'PGSO', 'Provincial General Services Office', NULL, NULL),
	(8, 'LUPTO', 'La Union Provincial Tourism Office', NULL, NULL),
	(9, 'PIO', 'Provincial Information Office', NULL, NULL),
	(10, 'PTO', 'Provincial Treasury Office', NULL, NULL),
	(11, 'OPAG', 'Office of the Provincial Agriculturist', NULL, NULL),
	(12, 'LEEIPO', 'La Union Economic Enterprise and Investment Promotions Office', NULL, NULL),
	(13, 'PPDC', 'Provincial Planning and Development Coordinator', NULL, NULL),
	(14, 'PBO', 'Provincial Budget Office', NULL, NULL),
	(15, 'PEO', 'Provincial Engineering Office', NULL, NULL),
	(16, 'OPAss', 'Office of the Provincial Assessor', NULL, NULL),
	(17, 'PSWDO', 'Provincial Social Welfare and Development Office', NULL, NULL),
	(18, 'LUPGEO', 'La Union Provincial Government Engineering Office', NULL, NULL),
	(19, 'OTHERS', 'Others', NULL, NULL),
	(39, 'BAC', 'Bids and Awards Committee', NULL, NULL),
	(41, 'OPACC', 'Office of the Provincial Accounting', '2026-03-05 22:54:57', '2026-03-05 22:54:57'),
	(42, 'PPDO', 'Provincial Planning and Development Office', '2026-03-12 01:19:54', '2026-03-12 01:19:54'),
	(43, 'PHO', 'Provincial Health Office', '2026-03-15 17:41:13', '2026-03-15 17:41:13'),
	(44, 'HR', 'Human Resource', '2026-03-15 18:50:03', '2026-03-15 18:50:03'),
	(45, 'ENRO', 'Environment and Natural Resources Office', '2026-03-15 18:57:19', '2026-03-15 18:57:19'),
	(46, 'PDRRMO', 'Provincial Disaster Risk Reduction and Management Office', '2026-03-15 23:09:39', '2026-03-15 23:09:39'),
	(47, 'ADM', 'Admin', '2026-03-15 23:55:58', '2026-03-15 23:55:58'),
	(48, 'PLO', 'Provincial Legal Office', '2026-03-16 16:36:27', '2026-03-16 16:36:27');

-- Dumping structure for table pictorts.password_reset_tokens
CREATE TABLE IF NOT EXISTS `password_reset_tokens` (
  `email` varchar(255) NOT NULL,
  `token` varchar(255) NOT NULL,
  `created_at` timestamp NULL DEFAULT NULL,
  PRIMARY KEY (`email`)
) ENGINE=InnoDB DEFAULT CHARSET=utf8mb4 COLLATE=utf8mb4_unicode_ci;

-- Dumping data for table pictorts.password_reset_tokens: ~2 rows (approximately)
INSERT INTO `password_reset_tokens` (`email`, `token`, `created_at`) VALUES
	('bacanijanial@yahoo.com', '$2y$12$nsL/W1mpARmZDs6uZqsPBeOvhMY5cYWhbfQTM5NrUHlCCrxAPczSq', '2026-03-03 22:30:53'),
	('clrshainarivera@gmail.com', '$2y$12$gFrknYDJ1SM6VNgQ.kc1sOZi4WVWEW6FsBuXr3uVPX1upzpHH19ga', '2026-03-03 22:52:54');

-- Dumping structure for table pictorts.sessions
CREATE TABLE IF NOT EXISTS `sessions` (
  `id` varchar(255) NOT NULL,
  `user_id` bigint(20) unsigned DEFAULT NULL,
  `ip_address` varchar(45) DEFAULT NULL,
  `user_agent` text DEFAULT NULL,
  `payload` longtext NOT NULL,
  `last_activity` int(11) NOT NULL,
  PRIMARY KEY (`id`),
  KEY `sessions_user_id_index` (`user_id`),
  KEY `sessions_last_activity_index` (`last_activity`)
) ENGINE=InnoDB DEFAULT CHARSET=utf8mb4 COLLATE=utf8mb4_unicode_ci;

-- Dumping data for table pictorts.sessions: ~1 rows (approximately)
INSERT INTO `sessions` (`id`, `user_id`, `ip_address`, `user_agent`, `payload`, `last_activity`) VALUES
	('Xcnu7upOlcdZ9d4PHqyG8dQfkaOYDBWxJTaQ0E91', 1, '127.0.0.1', 'Mozilla/5.0 (Windows NT 10.0; Win64; x64) AppleWebKit/537.36 (KHTML, like Gecko) Chrome/144.0.0.0 Safari/537.36 OPR/128.0.0.0 (Edition std-2)', 'YTo1OntzOjY6Il90b2tlbiI7czo0MDoiR0dvbWVhcFp4VmtHbnRrVjFqOFNzbHA2WVR0NGpwaHZjYzg0TGI2NiI7czo2OiJfZmxhc2giO2E6Mjp7czozOiJvbGQiO2E6MDp7fXM6MzoibmV3IjthOjA6e319czo5OiJfcHJldmlvdXMiO2E6Mjp7czozOiJ1cmwiO3M6Mjc6Imh0dHA6Ly8xMjcuMC4wLjE6ODAwMC90b2RvcyI7czo1OiJyb3V0ZSI7czoxMToidG9kb3MuaW5kZXgiO31zOjM6InVybCI7YTowOnt9czo1MDoibG9naW5fd2ViXzU5YmEzNmFkZGMyYjJmOTQwMTU4MGYwMTRjN2Y1OGVhNGUzMDk4OWQiO2k6MTt9', 1774345663);

-- Dumping structure for table pictorts.todos
CREATE TABLE IF NOT EXISTS `todos` (
  `id` bigint(20) unsigned NOT NULL AUTO_INCREMENT,
  `title` varchar(255) NOT NULL,
  `description` text DEFAULT NULL,
  `status` enum('pending','in_progress','completed') NOT NULL DEFAULT 'pending',
  `due_date` date DEFAULT NULL,
  `remarks` text DEFAULT NULL,
  `user_id` bigint(20) unsigned NOT NULL,
  `assigned_to` varchar(255) DEFAULT NULL,
  `created_at` timestamp NULL DEFAULT NULL,
  `updated_at` timestamp NULL DEFAULT NULL,
  `priority` enum('low','medium','high','top') NOT NULL DEFAULT 'medium',
  PRIMARY KEY (`id`),
  KEY `todos_user_id_status_index` (`user_id`,`status`),
  KEY `todos_user_id_priority_index` (`user_id`),
  KEY `todos_due_date_index` (`due_date`),
  CONSTRAINT `todos_user_id_foreign` FOREIGN KEY (`user_id`) REFERENCES `users` (`id`) ON DELETE CASCADE
) ENGINE=InnoDB AUTO_INCREMENT=16 DEFAULT CHARSET=utf8mb4 COLLATE=utf8mb4_unicode_ci;

-- Dumping data for table pictorts.todos: ~1 rows (approximately)
INSERT INTO `todos` (`id`, `title`, `description`, `status`, `due_date`, `remarks`, `user_id`, `assigned_to`, `created_at`, `updated_at`, `priority`) VALUES
	(15, 'ha', 'hahi', 'pending', '2026-12-03', NULL, 1, 'MELETH', '2026-03-23 19:44:37', '2026-03-24 00:19:12', 'low');

-- Dumping structure for table pictorts.users
CREATE TABLE IF NOT EXISTS `users` (
  `id` bigint(20) unsigned NOT NULL AUTO_INCREMENT,
  `name` varchar(255) NOT NULL,
  `email` varchar(255) NOT NULL,
  `office_id` bigint(20) unsigned DEFAULT NULL,
  `role` varchar(255) NOT NULL DEFAULT 'user',
  `email_verified_at` timestamp NULL DEFAULT NULL,
  `password` varchar(255) NOT NULL,
  `remember_token` varchar(100) DEFAULT NULL,
  `created_at` timestamp NULL DEFAULT NULL,
  `updated_at` timestamp NULL DEFAULT NULL,
  PRIMARY KEY (`id`),
  UNIQUE KEY `users_email_unique` (`email`),
  KEY `users_office_id_foreign` (`office_id`),
  CONSTRAINT `users_office_id_foreign` FOREIGN KEY (`office_id`) REFERENCES `offices` (`id`)
) ENGINE=InnoDB AUTO_INCREMENT=4 DEFAULT CHARSET=utf8mb4 COLLATE=utf8mb4_unicode_ci;

-- Dumping data for table pictorts.users: ~3 rows (approximately)
INSERT INTO `users` (`id`, `name`, `email`, `office_id`, `role`, `email_verified_at`, `password`, `remember_token`, `created_at`, `updated_at`) VALUES
	(1, 'Clarisahaina Gonting', 'clrshainarivera@gmail.com', 3, 'admin', NULL, '$2y$12$/zbVY0C3SDkk/9GCJU0k2OAlMPBpNAd3KgzF4hWnvakwQTVGvmuUq', NULL, '2026-02-23 18:41:30', '2026-03-10 00:33:56'),
	(2, 'Janial Bacani', 'bacanijanial@yahoo.com', 3, 'admin', NULL, '$2y$12$YC22RQT2w2O8lG1NdlefeuPZLpID6Jz34OgIzwMHjAgHKvZXw5jrm', NULL, '2026-02-26 17:33:18', '2026-03-09 19:19:37'),
	(3, 'Sample Admin', 'sampleadmin@gmail.com', 2, 'user', NULL, '$2y$12$UddPJ4v384xMs4glB3gcieOWZpmhtTz6Ix9vWMsGnN2ljB/ZE9XOa', NULL, '2026-03-23 19:17:58', '2026-03-23 19:17:58');

/*!40103 SET TIME_ZONE=IFNULL(@OLD_TIME_ZONE, 'system') */;
/*!40101 SET SQL_MODE=IFNULL(@OLD_SQL_MODE, '') */;
/*!40014 SET FOREIGN_KEY_CHECKS=IFNULL(@OLD_FOREIGN_KEY_CHECKS, 1) */;
/*!40101 SET CHARACTER_SET_CLIENT=@OLD_CHARACTER_SET_CLIENT */;
/*!40111 SET SQL_NOTES=IFNULL(@OLD_SQL_NOTES, 1) */;
